transaction_id,merchant_id,amount,timestamp,payment_method,failure_code,retry_count,webhook_delay_seconds,gateway_error_rate_delta,merchant_failure_rate_delta,cross_merchant_failure_rate,customer_previous_successes,customer_previous_failures,incident_active,actual_root_cause
txn_000779_08a76e,merchant_034,8016.18,2026-08-01T00:20:52,wallet,card_expired,1,1.81,0.0547,0.101,0.0347,3,0,0,CARD_DECLINE
txn_001313_60a063,merchant_032,2050.69,2026-08-01T00:42:42,card,3ds_auth_failed,0,0.16,0.1759,0.0834,0.0676,5,1,0,OTP_TIMEOUT
txn_001398_c6605b,merchant_009,1950.48,2026-08-01T01:46:43,wallet,insufficient_funds,1,5.37,0.0651,0.0579,0.0286,5,2,0,INSUFFICIENT_FUNDS
txn_001453_f609ab,merchant_018,731.93,2026-08-01T02:09:16,upi,internal_error,0,5.31,0.9083,0.5105,0.2468,3,1,0,INFRASTRUCTURE
txn_001061_87da6b,merchant_023,2237.34,2026-08-01T02:17:26,netbanking,card_expired,1,0.24,0.0998,0.0965,0.0,0,5,0,CARD_DECLINE
txn_001445_bab9fa,merchant_003,2910.85,2026-08-01T02:17:30,wallet,insufficient_funds,1,0.76,0.026,0.0302,0.112,1,3,0,INSUFFICIENT_FUNDS
txn_001043_dd814c,merchant_011,2107.6,2026-08-01T02:42:37,upi,insufficient_funds,1,0.21,0.0,0.081,0.0044,2,4,0,INSUFFICIENT_FUNDS
txn_000339_b3c595,merchant_014,2885.36,2026-08-01T02:43:53,netbanking,internal_error,0,7.35,0.1461,0.5303,0.4437,3,1,0,INFRASTRUCTURE
txn_000711_214dea,merchant_002,1212.89,2026-08-01T02:46:15,upi,user_cancelled,0,4.3,0.079,0.047,0.0305,6,1,0,USER_ABANDONMENT
txn_000653_3041c0,merchant_038,3620.26,2026-08-01T02:52:20,card,session_expired,0,1.92,0.0956,0.0,0.0183,6,0,0,USER_ABANDONMENT
txn_000536_9f0ef7,merchant_026,3173.84,2026-08-01T02:58:39,upi,gateway_timeout,0,10.38,0.0764,0.0829,0.1703,1,0,0,WEBHOOK_AMBIGUITY
txn_000469_7e74a1,merchant_035,14646.52,2026-08-01T03:45:42,wallet,unknown,1,8.01,0.4482,0.006,0.1552,6,0,0,WEBHOOK_AMBIGUITY
txn_000114_453619,merchant_013,956.61,2026-08-01T04:13:27,netbanking,insufficient_funds,1,1.67,0.0507,0.0105,0.0472,1,4,0,INSUFFICIENT_FUNDS
txn_000034_8305cc,merchant_005,1946.8,2026-08-01T04:18:27,wallet,internal_error,0,8.61,0.2763,0.3818,0.4612,11,1,0,INFRASTRUCTURE
txn_001224_d901ae,merchant_032,1284.67,2026-08-01T04:19:47,card,gateway_timeout,1,3.42,0.4855,0.5891,0.2754,4,1,0,INFRASTRUCTURE
txn_000355_8e37b4,merchant_023,4402.1,2026-08-01T04:34:32,card,insufficient_funds,1,0.49,0.0537,0.0071,0.1094,4,4,0,INSUFFICIENT_FUNDS
txn_000359_d90fe4,merchant_014,11283.35,2026-08-01T04:56:06,card,user_cancelled,0,0.98,0.0821,0.0504,0.0173,5,0,0,USER_ABANDONMENT
txn_000654_f72450,merchant_014,3523.79,2026-08-01T05:05:06,netbanking,insufficient_funds,1,3.08,0.0442,0.1296,0.053,2,0,0,INSUFFICIENT_FUNDS
txn_000531_4df038,merchant_014,1176.02,2026-08-01T05:07:34,wallet,insufficient_funds,1,1.44,0.0942,0.0233,0.0,2,5,0,INSUFFICIENT_FUNDS
txn_000991_f6dea9,merchant_021,2434.57,2026-08-01T05:24:47,card,3ds_auth_failed,1,0.46,0.1511,0.1223,0.0,4,2,0,OTP_TIMEOUT
txn_000948_8d28ba,merchant_034,5039.17,2026-08-01T05:33:05,netbanking,invalid_card,2,2.16,0.0636,0.108,0.0129,0,1,0,CARD_DECLINE
txn_000474_af1a00,merchant_013,3443.33,2026-08-01T05:34:45,netbanking,issuer_declined,1,5.54,0.0414,0.0655,0.08,1,2,0,CARD_DECLINE
txn_000162_c3edea,merchant_014,2353.78,2026-08-01T05:38:17,card,invalid_card,1,1.72,0.0231,0.0084,0.0622,2,3,0,CARD_DECLINE
txn_000477_67d380,merchant_023,646.22,2026-08-01T05:45:36,card,session_expired,0,2.45,0.0,0.0638,0.0683,4,0,0,USER_ABANDONMENT
txn_001317_6c6317,merchant_009,517.01,2026-08-01T05:54:44,wallet,insufficient_funds,0,4.61,0.1421,0.0039,0.063,4,3,0,INSUFFICIENT_FUNDS
txn_000552_0e4f61,merchant_016,4092.7,2026-08-01T06:00:56,upi,insufficient_funds,1,0.93,0.0822,0.0,0.0179,1,1,0,INSUFFICIENT_FUNDS
txn_001247_939b14,merchant_007,2478.11,2026-08-01T06:16:04,wallet,gateway_timeout,1,7.89,0.7476,0.437,0.5076,10,0,0,INFRASTRUCTURE
txn_000360_c40be4,merchant_012,7586.11,2026-08-01T06:29:58,upi,service_unavailable,1,1.11,0.8555,0.3151,0.4834,5,1,0,INFRASTRUCTURE
txn_001411_2b7f75,merchant_001,738.67,2026-08-01T06:32:43,card,otp_timeout,1,3.49,0.0653,0.0523,0.0734,4,0,0,OTP_TIMEOUT
txn_000512_856783,merchant_006,1300.72,2026-08-01T06:44:22,netbanking,user_cancelled,0,1.99,0.0225,0.0,0.093,6,0,0,USER_ABANDONMENT
txn_000481_0aa5f8,merchant_031,511.03,2026-08-01T06:57:48,upi,insufficient_funds,0,1.71,0.0324,0.0958,0.0303,2,2,0,INSUFFICIENT_FUNDS
txn_000307_e16f14,merchant_015,395.65,2026-08-01T07:25:33,upi,insufficient_funds,1,0.74,0.1144,0.0232,0.1044,2,0,0,INSUFFICIENT_FUNDS
txn_000938_93dc7b,merchant_031,1121.92,2026-08-01T07:36:11,wallet,user_cancelled,0,1.55,0.0289,0.092,0.0544,3,0,0,USER_ABANDONMENT
txn_000366_367ef6,merchant_036,32212.01,2026-08-01T07:38:32,card,gateway_timeout,0,3.81,0.6068,0.3052,0.3761,7,2,0,INFRASTRUCTURE
txn_000201_a16c1f,merchant_021,2766.36,2026-08-01T07:44:27,wallet,3ds_auth_failed,1,2.19,0.0979,0.0407,0.0641,9,0,0,OTP_TIMEOUT
txn_000956_0982fc,merchant_002,5027.1,2026-08-01T07:46:37,upi,service_unavailable,1,4.4,0.5561,0.269,0.4084,3,0,0,INFRASTRUCTURE
txn_001091_e59989,merchant_034,7099.34,2026-08-01T07:51:12,netbanking,invalid_card,0,1.42,0.0515,0.075,0.1341,2,3,0,CARD_DECLINE
txn_001018_68fe5a,merchant_024,4402.53,2026-08-01T07:53:51,netbanking,invalid_card,0,0.95,0.0876,0.0267,0.0645,2,6,1,CARD_DECLINE
txn_000640_ff10d2,merchant_021,934.69,2026-08-01T07:54:23,card,user_cancelled,0,0.5,0.0247,0.0632,0.0963,1,1,0,USER_ABANDONMENT
txn_000738_30c5d2,merchant_040,1321.16,2026-08-01T08:05:32,wallet,otp_timeout,1,1.57,0.0118,0.0291,0.0715,8,2,0,OTP_TIMEOUT
txn_000487_13c9f1,merchant_005,797.69,2026-08-01T08:12:09,netbanking,gateway_timeout,1,0.49,0.6823,0.384,0.3735,5,0,0,INFRASTRUCTURE
txn_001037_ae9dd4,merchant_011,1190.21,2026-08-01T08:20:53,wallet,insufficient_funds,1,1.71,0.0863,0.0445,0.1314,1,3,0,INSUFFICIENT_FUNDS
txn_000524_afe47a,merchant_039,352.33,2026-08-01T08:57:20,netbanking,invalid_card,2,1.36,0.004,0.0787,0.0123,1,1,0,CARD_DECLINE
txn_000485_995a92,merchant_036,7455.66,2026-08-01T09:16:55,upi,session_expired,0,7.14,0.094,0.1366,0.0,3,0,0,USER_ABANDONMENT
txn_000958_b91e99,merchant_010,1997.14,2026-08-01T09:52:10,wallet,gateway_timeout,1,9.2,0.3265,0.1847,0.1787,6,1,0,WEBHOOK_AMBIGUITY
txn_000595_e8b5f4,merchant_013,2570.38,2026-08-01T09:54:38,upi,gateway_timeout,1,24.48,0.1531,0.4212,0.1567,6,2,0,WEBHOOK_AMBIGUITY
txn_001333_3416bc,merchant_039,519.85,2026-08-01T10:04:22,netbanking,gateway_timeout,0,5.57,0.4594,0.4165,0.6393,5,0,0,INFRASTRUCTURE
txn_001326_b49b24,merchant_003,2991.61,2026-08-01T10:27:09,wallet,issuer_declined,1,0.4,0.1341,0.0807,0.0522,3,0,0,CARD_DECLINE
txn_000374_58bb0c,merchant_031,511.83,2026-08-01T10:38:08,card,card_expired,2,0.55,0.0339,0.0599,0.0721,1,1,0,CARD_DECLINE
txn_000669_f39173,merchant_033,615.83,2026-08-01T10:44:31,netbanking,3ds_auth_failed,0,1.09,0.1142,0.0,0.0577,6,0,0,OTP_TIMEOUT
txn_000733_9dc9e1,merchant_038,8212.4,2026-08-01T11:29:49,netbanking,user_cancelled,0,1.84,0.0279,0.0179,0.0196,6,0,0,USER_ABANDONMENT
txn_000887_4ab36e,merchant_029,796.72,2026-08-01T11:34:32,wallet,insufficient_funds,1,0.09,0.0,0.0,0.0923,0,1,0,INSUFFICIENT_FUNDS
txn_001049_009d7c,merchant_026,1173.22,2026-08-01T11:46:16,wallet,session_expired,0,2.89,0.1716,0.0851,0.0462,9,0,0,USER_ABANDONMENT
txn_001226_697e48,merchant_026,713.34,2026-08-01T11:58:35,netbanking,user_cancelled,0,0.82,0.0634,0.0,0.0133,3,0,0,USER_ABANDONMENT
txn_001146_864bc8,merchant_021,534.93,2026-08-01T12:17:33,wallet,gateway_timeout,1,4.85,0.6737,0.5223,0.4513,3,1,0,INFRASTRUCTURE
txn_000739_88512d,merchant_032,995.49,2026-08-01T12:18:06,upi,invalid_card,0,3.63,0.0,0.0,0.0648,6,0,0,CARD_DECLINE
txn_000637_993c09,merchant_040,279.88,2026-08-01T12:18:19,card,session_expired,0,2.96,0.0349,0.0,0.1202,7,0,0,USER_ABANDONMENT
txn_001456_0409df,merchant_015,1284.38,2026-08-01T12:20:59,upi,insufficient_funds,0,0.83,0.0516,0.0073,0.0524,4,6,0,INSUFFICIENT_FUNDS
txn_001297_e492d6,merchant_013,443.08,2026-08-01T12:22:34,netbanking,unknown,0,17.53,0.0495,0.4039,0.1424,4,2,0,WEBHOOK_AMBIGUITY
txn_000575_957e0f,merchant_028,3697.02,2026-08-01T12:51:41,upi,insufficient_funds,0,0.08,0.119,0.0765,0.0818,3,1,0,INSUFFICIENT_FUNDS
txn_001025_4cee10,merchant_001,11435.13,2026-08-01T13:10:27,netbanking,3ds_auth_failed,0,2.94,0.0355,0.1257,0.0727,5,0,0,OTP_TIMEOUT
txn_000062_9245a5,merchant_005,5803.15,2026-08-01T13:18:24,netbanking,service_unavailable,0,7.92,0.7183,0.38,0.4263,9,0,0,INFRASTRUCTURE
txn_001191_5e342b,merchant_012,2845.7,2026-08-01T14:16:03,upi,insufficient_funds,1,0.53,0.0943,0.0757,0.0785,2,5,0,INSUFFICIENT_FUNDS
txn_001208_11eda7,merchant_039,4092.58,2026-08-01T14:24:39,card,otp_timeout,1,0.62,0.1941,0.0568,0.0189,7,0,0,OTP_TIMEOUT
txn_000037_b335ef,merchant_017,1266.23,2026-08-01T14:55:19,wallet,unknown,1,13.09,0.2573,0.0,0.1834,2,3,0,WEBHOOK_AMBIGUITY
txn_000044_47c321,merchant_032,2408.6,2026-08-01T15:46:00,netbanking,3ds_auth_failed,1,5.04,0.2059,0.1094,0.0,8,1,1,OTP_TIMEOUT
txn_001111_44b121,merchant_015,6126.16,2026-08-01T15:49:32,upi,service_unavailable,0,4.34,0.6729,0.5474,0.3352,6,0,0,INFRASTRUCTURE
txn_001099_a2df4b,merchant_012,5356.77,2026-08-01T15:55:30,netbanking,card_expired,0,0.72,0.0,0.0994,0.025,5,1,0,CARD_DECLINE
txn_000423_7aeb06,merchant_021,2387.09,2026-08-01T15:59:07,wallet,issuer_declined,0,0.82,0.0137,0.0,0.02,1,3,0,CARD_DECLINE
txn_000310_b0e413,merchant_018,7034.9,2026-08-01T17:10:24,netbanking,unknown,0,14.78,0.2186,0.3307,0.1483,4,0,0,WEBHOOK_AMBIGUITY
txn_000502_a96e32,merchant_029,4720.68,2026-08-01T17:20:38,wallet,insufficient_funds,0,0.77,0.0,0.0845,0.0307,2,1,0,INSUFFICIENT_FUNDS
txn_001101_9d6a8c,merchant_004,496.74,2026-08-01T18:13:48,upi,internal_error,1,13.24,0.5176,0.6061,0.2547,3,2,0,INFRASTRUCTURE
txn_000660_b73dac,merchant_020,2048.81,2026-08-01T19:30:06,upi,3ds_auth_failed,1,2.92,0.0599,0.055,0.005,7,1,0,OTP_TIMEOUT
txn_000478_d5e8b2,merchant_033,182.51,2026-08-01T19:35:17,upi,issuer_declined,2,2.14,0.0,0.0525,0.0,1,1,1,CARD_DECLINE
txn_001397_648320,merchant_020,1376.18,2026-08-01T19:43:17,wallet,user_cancelled,0,4.14,0.033,0.1761,0.0693,3,0,0,USER_ABANDONMENT
txn_001260_f77477,merchant_021,1622.96,2026-08-01T20:17:08,upi,insufficient_funds,0,0.37,0.1022,0.1076,0.008,1,3,0,INSUFFICIENT_FUNDS
txn_000919_84104e,merchant_020,1592.54,2026-08-01T20:23:18,netbanking,otp_timeout,0,0.08,0.1112,0.0278,0.0,7,1,0,OTP_TIMEOUT
txn_000303_5615c2,merchant_027,1188.57,2026-08-01T20:50:40,netbanking,internal_error,0,6.54,0.5664,0.113,0.3955,3,0,0,INFRASTRUCTURE
txn_001192_1c4f53,merchant_029,2731.06,2026-08-01T21:38:09,netbanking,insufficient_funds,0,2.35,0.0082,0.0,0.0429,2,2,0,INSUFFICIENT_FUNDS
txn_000859_d6d666,merchant_025,5873.9,2026-08-01T21:48:00,card,gateway_timeout,1,10.99,0.37,0.4543,0.4803,3,1,0,INFRASTRUCTURE
txn_000432_463a1b,merchant_036,51292.47,2026-08-01T22:09:51,card,invalid_card,2,1.56,0.0189,0.0065,0.093,2,3,0,CARD_DECLINE
txn_000118_da98e1,merchant_030,6911.69,2026-08-01T22:38:10,wallet,unknown,1,22.06,0.2464,0.2668,0.1673,5,1,0,WEBHOOK_AMBIGUITY
txn_000749_b600be,merchant_039,10613.43,2026-08-01T22:48:21,wallet,issuer_declined,2,0.22,0.0491,0.0526,0.0779,2,1,0,CARD_DECLINE
txn_000960_45c5ce,merchant_025,6140.52,2026-08-01T22:57:49,card,service_unavailable,0,7.75,0.6577,0.2527,0.5302,6,1,0,INFRASTRUCTURE
txn_000862_bbf63a,merchant_024,468.36,2026-08-01T23:34:54,card,insufficient_funds,1,3.33,0.0571,0.0679,0.0742,2,1,0,INSUFFICIENT_FUNDS
txn_001237_8e1cab,merchant_006,6512.3,2026-08-01T23:46:10,wallet,gateway_timeout,1,6.74,0.3957,0.5645,0.2317,0,0,0,INFRASTRUCTURE
txn_001185_d5d08b,merchant_015,1586.65,2026-08-01T23:46:33,netbanking,insufficient_funds,1,0.53,0.0268,0.084,0.0,2,4,0,INSUFFICIENT_FUNDS
txn_001188_6ed3c4,merchant_039,2101.85,2026-08-02T00:17:56,card,insufficient_funds,0,1.28,0.0326,0.0735,0.0274,1,1,0,INSUFFICIENT_FUNDS
txn_000288_20c9ca,merchant_011,3761.74,2026-08-02T00:26:28,wallet,internal_error,1,5.45,0.3104,0.5066,0.2565,8,1,1,INFRASTRUCTURE
txn_000252_5ccc51,merchant_011,785.77,2026-08-02T00:31:42,card,gateway_timeout,0,16.27,0.047,0.164,0.0,5,2,0,WEBHOOK_AMBIGUITY
txn_000635_33f36f,merchant_017,1647.18,2026-08-02T01:30:00,netbanking,gateway_timeout,1,1.41,0.564,0.0,0.2869,1,0,0,INFRASTRUCTURE
txn_001454_999dfe,merchant_036,676.62,2026-08-02T02:33:44,upi,user_cancelled,0,6.18,0.0,0.1686,0.0067,11,1,0,USER_ABANDONMENT
txn_001162_d14f51,merchant_016,315.38,2026-08-02T02:50:43,netbanking,3ds_auth_failed,0,0.38,0.1137,0.0152,0.0001,1,0,0,OTP_TIMEOUT
txn_000139_390fb2,merchant_037,2814.63,2026-08-02T02:52:33,wallet,gateway_timeout,0,13.85,0.0,0.0534,0.0,4,2,0,WEBHOOK_AMBIGUITY
txn_000016_0bb30a,merchant_021,435.44,2026-08-02T02:54:16,wallet,otp_timeout,0,0.36,0.1268,0.0676,0.05,4,0,0,OTP_TIMEOUT
txn_001353_9083a1,merchant_002,31775.06,2026-08-02T03:03:42,card,card_expired,0,5.2,0.0,0.0124,0.0876,0,4,0,CARD_DECLINE
txn_000679_18e0eb,merchant_015,8088.23,2026-08-02T03:54:19,netbanking,session_expired,0,1.95,0.0157,0.0216,0.0106,6,0,0,USER_ABANDONMENT
txn_000286_c9c15a,merchant_019,3650.65,2026-08-02T03:55:03,wallet,issuer_declined,0,1.3,0.0245,0.0,0.0189,4,1,0,CARD_DECLINE
txn_000329_ad31a4,merchant_007,185.04,2026-08-02T04:45:27,card,card_expired,1,1.66,0.0733,0.0786,0.0808,2,2,0,CARD_DECLINE
txn_000503_f5ed4c,merchant_035,4228.68,2026-08-02T04:48:18,wallet,insufficient_funds,0,5.39,0.1175,0.0,0.0471,3,2,0,INSUFFICIENT_FUNDS
txn_000630_fad5dc,merchant_018,1429.08,2026-08-02T04:51:11,netbanking,gateway_timeout,1,19.27,0.1462,0.2071,0.1697,8,1,0,WEBHOOK_AMBIGUITY
txn_000542_9110c8,merchant_001,945.73,2026-08-02T05:18:58,wallet,gateway_timeout,1,6.05,0.7126,0.1559,0.4441,3,0,0,INFRASTRUCTURE
txn_000419_a6e372,merchant_003,573.8,2026-08-02T06:01:05,upi,session_expired,0,0.51,0.0746,0.0335,0.0919,6,0,0,USER_ABANDONMENT
txn_001246_399041,merchant_032,1567.85,2026-08-02T06:31:07,card,invalid_card,1,6.05,0.0,0.001,0.06,2,2,0,CARD_DECLINE
txn_000719_0e16d0,merchant_009,3369.87,2026-08-02T06:31:27,upi,insufficient_funds,0,3.24,0.0135,0.08,0.0145,1,3,0,INSUFFICIENT_FUNDS
txn_000930_f26684,merchant_007,595.73,2026-08-02T06:32:06,card,unknown,1,11.81,0.4659,0.1771,0.1113,3,1,0,WEBHOOK_AMBIGUITY
txn_000763_97518c,merchant_026,1541.32,2026-08-02T06:51:08,card,card_expired,1,0.63,0.1815,0.0598,0.0653,2,4,0,CARD_DECLINE
txn_000571_0befe9,merchant_020,430.71,2026-08-02T06:51:42,upi,3ds_auth_failed,0,5.14,0.167,0.01,0.0668,4,0,0,OTP_TIMEOUT
txn_001379_13cac9,merchant_027,1219.4,2026-08-02T07:53:28,wallet,unknown,1,18.37,0.2484,0.0952,0.1424,1,0,0,WEBHOOK_AMBIGUITY
txn_000174_b53e4e,merchant_037,3338.44,2026-08-02T08:05:11,wallet,otp_timeout,0,1.89,0.0,0.0885,0.0157,3,0,1,OTP_TIMEOUT
txn_000558_4c6502,merchant_031,394.0,2026-08-02T09:06:28,wallet,internal_error,1,5.06,0.1865,0.4403,0.3048,4,0,0,INFRASTRUCTURE
txn_001139_8168cc,merchant_039,3209.78,2026-08-02T09:16:03,wallet,3ds_auth_failed,0,0.34,0.1658,0.0612,0.0,7,0,0,OTP_TIMEOUT
txn_001214_f2bf3a,merchant_006,1214.88,2026-08-02T10:34:45,wallet,user_cancelled,0,0.06,0.1888,0.0376,0.0343,5,1,0,USER_ABANDONMENT
txn_001309_ad9a8c,merchant_020,2034.88,2026-08-02T10:53:03,upi,issuer_declined,0,2.37,0.0833,0.0869,0.0382,0,2,0,CARD_DECLINE
txn_001281_e5d000,merchant_014,723.53,2026-08-02T10:54:46,netbanking,session_expired,0,0.13,0.0,0.0028,0.1019,6,2,1,USER_ABANDONMENT
txn_000193_e70f1f,merchant_028,9304.31,2026-08-02T11:31:40,netbanking,session_expired,0,5.0,0.0245,0.0,0.0182,9,1,0,USER_ABANDONMENT
txn_000231_90d32b,merchant_040,872.18,2026-08-02T11:49:40,upi,issuer_declined,0,3.77,0.0591,0.0708,0.047,0,4,0,CARD_DECLINE
txn_000384_d23929,merchant_022,6778.08,2026-08-02T12:05:31,netbanking,internal_error,0,4.18,0.5183,0.5694,0.1969,5,0,0,INFRASTRUCTURE
txn_000030_3fb23b,merchant_026,1346.53,2026-08-02T12:19:04,wallet,gateway_timeout,1,7.84,0.4253,0.1241,0.2132,7,0,0,INFRASTRUCTURE
txn_000401_2fc621,merchant_038,8691.33,2026-08-02T12:35:09,wallet,internal_error,0,6.97,0.3687,0.3068,0.88,1,0,0,INFRASTRUCTURE
txn_000294_485c6f,merchant_014,1671.04,2026-08-02T13:01:48,wallet,insufficient_funds,1,0.05,0.0167,0.0165,0.0476,1,2,0,INSUFFICIENT_FUNDS
txn_000385_b5a797,merchant_010,9076.39,2026-08-02T13:06:01,netbanking,internal_error,1,3.38,0.7025,0.3156,0.0,4,1,1,INFRASTRUCTURE
txn_001151_7fdbc0,merchant_037,2643.61,2026-08-02T13:44:01,card,3ds_auth_failed,0,6.02,0.0346,0.0471,0.0695,2,0,0,OTP_TIMEOUT
txn_001253_61cb69,merchant_034,975.14,2026-08-02T13:56:42,upi,insufficient_funds,0,0.85,0.0503,0.0428,0.0355,5,1,0,INSUFFICIENT_FUNDS
txn_001438_9aa74c,merchant_025,950.3,2026-08-02T14:30:56,netbanking,insufficient_funds,1,0.12,0.0589,0.0,0.1005,2,2,0,INSUFFICIENT_FUNDS
txn_001064_551c4b,merchant_012,1732.25,2026-08-02T14:38:25,wallet,card_expired,0,0.02,0.0933,0.0446,0.0395,3,3,0,CARD_DECLINE
txn_000634_fbad5e,merchant_030,2128.1,2026-08-02T14:55:12,upi,session_expired,0,6.26,0.0378,0.0,0.0522,8,0,0,USER_ABANDONMENT
txn_000884_a3ffce,merchant_030,2011.52,2026-08-02T15:19:30,wallet,session_expired,0,2.31,0.0729,0.0442,0.0455,3,1,0,USER_ABANDONMENT
txn_001337_54274f,merchant_002,1388.76,2026-08-02T15:23:05,upi,insufficient_funds,0,0.34,0.0657,0.1176,0.061,1,3,0,INSUFFICIENT_FUNDS
txn_001180_edef69,merchant_034,547.3,2026-08-02T15:46:00,wallet,session_expired,0,1.41,0.0,0.0792,0.0397,1,0,0,USER_ABANDONMENT
txn_001347_69a0c1,merchant_037,8938.24,2026-08-02T16:26:08,card,insufficient_funds,0,1.01,0.0953,0.1252,0.0572,1,0,0,INSUFFICIENT_FUNDS
txn_001040_8c7066,merchant_003,1151.82,2026-08-02T16:37:17,upi,session_expired,0,3.62,0.1455,0.0858,0.0356,7,0,0,USER_ABANDONMENT
txn_000698_108d57,merchant_008,562.16,2026-08-02T17:05:38,card,insufficient_funds,1,1.68,0.0512,0.0512,0.0157,2,2,0,INSUFFICIENT_FUNDS
txn_000154_7583a5,merchant_014,5303.39,2026-08-02T17:11:21,netbanking,session_expired,0,3.46,0.0487,0.0299,0.0406,3,0,0,USER_ABANDONMENT
txn_000146_010dd7,merchant_010,6991.49,2026-08-02T17:32:37,wallet,unknown,1,12.2,0.4522,0.1001,0.2082,13,1,0,WEBHOOK_AMBIGUITY
txn_000073_0dfa2e,merchant_031,142.29,2026-08-02T17:57:52,upi,insufficient_funds,0,0.86,0.1097,0.0,0.0818,3,2,1,INSUFFICIENT_FUNDS
txn_001159_0cf20b,merchant_019,325.07,2026-08-02T18:26:29,wallet,unknown,0,23.31,0.3087,0.1448,0.0,9,1,0,WEBHOOK_AMBIGUITY
txn_001251_a972b6,merchant_027,386.96,2026-08-02T18:36:08,upi,card_expired,1,0.72,0.1108,0.0473,0.0272,1,3,0,CARD_DECLINE
txn_000525_91ea33,merchant_007,9369.0,2026-08-02T19:14:33,wallet,insufficient_funds,0,0.48,0.0099,0.0,0.0794,4,1,0,INSUFFICIENT_FUNDS
txn_000537_f7429f,merchant_008,65.86,2026-08-02T19:27:41,upi,service_unavailable,1,9.74,0.3727,0.7274,0.3485,3,1,0,INFRASTRUCTURE
txn_000562_6a38c8,merchant_034,2468.23,2026-08-02T19:46:13,wallet,service_unavailable,0,1.0,0.8525,0.6338,0.7091,5,0,0,INFRASTRUCTURE
txn_000144_20bf00,merchant_031,866.25,2026-08-02T19:55:54,netbanking,insufficient_funds,0,2.82,0.0622,0.0573,0.0918,0,5,0,INSUFFICIENT_FUNDS
txn_001255_922f27,merchant_010,1165.79,2026-08-02T20:04:53,netbanking,gateway_timeout,1,3.8,0.377,0.3939,0.495,7,0,0,INFRASTRUCTURE
txn_000342_f2626f,merchant_016,4970.68,2026-08-02T20:29:15,netbanking,service_unavailable,1,6.4,0.5959,0.5284,0.27,7,0,0,INFRASTRUCTURE
txn_001035_24e693,merchant_013,397.96,2026-08-02T20:32:18,upi,unknown,0,14.14,0.0599,0.1146,0.2349,3,1,0,WEBHOOK_AMBIGUITY
txn_000624_f6e768,merchant_003,1879.24,2026-08-02T21:00:39,netbanking,insufficient_funds,1,1.6,0.138,0.0,0.0716,2,3,0,INSUFFICIENT_FUNDS
txn_000316_c451ba,merchant_005,1761.16,2026-08-02T21:01:38,wallet,insufficient_funds,0,0.34,0.0328,0.0,0.095,3,3,0,INSUFFICIENT_FUNDS
txn_001343_c0c2b0,merchant_022,555.34,2026-08-02T21:27:10,netbanking,card_expired,0,4.86,0.0629,0.0387,0.0164,4,2,0,CARD_DECLINE
txn_001053_1c0221,merchant_001,3422.62,2026-08-02T21:39:24,upi,insufficient_funds,0,1.35,0.1077,0.0186,0.0804,4,6,0,INSUFFICIENT_FUNDS
txn_001267_d0113b,merchant_033,255.24,2026-08-02T22:17:32,wallet,insufficient_funds,1,0.16,0.0484,0.079,0.0,5,0,0,INSUFFICIENT_FUNDS
txn_000850_393313,merchant_010,603.34,2026-08-02T22:17:35,wallet,insufficient_funds,0,0.74,0.0678,0.1093,0.1123,0,2,0,INSUFFICIENT_FUNDS
txn_000786_d20b4f,merchant_017,3305.15,2026-08-02T22:29:32,wallet,card_expired,0,1.09,0.1441,0.0626,0.0393,1,4,0,CARD_DECLINE
txn_000449_354858,merchant_013,1608.89,2026-08-02T22:43:57,card,insufficient_funds,1,1.99,0.0838,0.0401,0.0,1,2,0,INSUFFICIENT_FUNDS
txn_000807_ff0b20,merchant_026,1270.72,2026-08-02T23:01:36,card,otp_timeout,1,0.82,0.0,0.0563,0.0564,8,3,0,OTP_TIMEOUT
txn_001425_a9de1c,merchant_013,3424.5,2026-08-02T23:27:45,netbanking,3ds_auth_failed,1,0.55,0.1244,0.0771,0.0355,1,0,0,OTP_TIMEOUT
txn_000182_416e3a,merchant_011,2913.6,2026-08-02T23:29:30,upi,3ds_auth_failed,1,0.13,0.0179,0.0852,0.0907,6,1,0,OTP_TIMEOUT
txn_000607_b1ea4e,merchant_037,606.41,2026-08-02T23:33:18,netbanking,gateway_timeout,1,9.38,0.2842,0.142,0.118,8,0,0,WEBHOOK_AMBIGUITY
txn_000170_522c8a,merchant_032,156.15,2026-08-03T00:39:38,netbanking,3ds_auth_failed,1,3.13,0.1311,0.0269,0.0924,5,0,0,OTP_TIMEOUT
txn_001266_a81fcf,merchant_001,5756.62,2026-08-03T00:50:28,netbanking,unknown,1,5.2,0.1564,0.3073,0.1382,2,1,0,WEBHOOK_AMBIGUITY
txn_000268_15d862,merchant_036,999.97,2026-08-03T01:53:53,card,insufficient_funds,0,0.72,0.0208,0.1318,0.0357,0,1,0,INSUFFICIENT_FUNDS
txn_001052_74ede6,merchant_001,1757.99,2026-08-03T03:06:02,upi,issuer_declined,0,0.83,0.0,0.0719,0.0155,2,2,0,CARD_DECLINE
txn_000290_7f88d8,merchant_012,3039.31,2026-08-03T03:35:40,wallet,internal_error,0,5.1,0.3091,0.6138,0.3376,4,1,1,INFRASTRUCTURE
txn_001269_064282,merchant_024,674.12,2026-08-03T03:35:57,upi,3ds_auth_failed,1,0.87,0.1185,0.0053,0.0138,7,1,0,OTP_TIMEOUT
txn_001336_2c2d91,merchant_037,3278.91,2026-08-03T03:37:25,upi,otp_timeout,0,3.85,0.0474,0.0552,0.0966,3,0,0,OTP_TIMEOUT
txn_000592_cb6ccf,merchant_028,221.88,2026-08-03T03:42:25,wallet,user_cancelled,0,1.94,0.0117,0.0557,0.0977,7,0,0,USER_ABANDONMENT
txn_001432_ada46e,merchant_028,3739.25,2026-08-03T03:49:02,wallet,insufficient_funds,0,1.12,0.0224,0.0736,0.0583,3,1,0,INSUFFICIENT_FUNDS
txn_000746_6b6ff3,merchant_013,2677.92,2026-08-03T03:54:45,wallet,invalid_card,1,1.14,0.0,0.0,0.0825,1,1,0,CARD_DECLINE
txn_001127_2161a9,merchant_038,1015.65,2026-08-03T04:10:12,netbanking,otp_timeout,1,0.66,0.0676,0.0788,0.0648,2,1,0,OTP_TIMEOUT
txn_001472_343d03,merchant_031,714.68,2026-08-03T04:43:21,card,user_cancelled,0,2.38,0.0791,0.0,0.0593,4,2,0,USER_ABANDONMENT
txn_001434_3a1867,merchant_014,407.39,2026-08-03T04:54:22,card,session_expired,0,2.14,0.0162,0.0424,0.0,5,0,0,USER_ABANDONMENT
txn_000511_1f3737,merchant_018,4835.75,2026-08-03T04:59:57,netbanking,invalid_card,2,0.44,0.0159,0.0131,0.0387,2,2,0,CARD_DECLINE
txn_000755_671c35,merchant_034,555.59,2026-08-03T05:22:51,wallet,3ds_auth_failed,0,0.21,0.0636,0.0135,0.0288,4,2,0,OTP_TIMEOUT
txn_000017_345763,merchant_026,2050.0,2026-08-03T05:47:52,netbanking,user_cancelled,0,0.49,0.074,0.0,0.0682,8,0,0,USER_ABANDONMENT
txn_001294_6f5fb4,merchant_036,2923.09,2026-08-03T05:50:04,netbanking,card_expired,2,5.02,0.0,0.0115,0.002,1,2,0,CARD_DECLINE
txn_000602_b4da10,merchant_031,8117.05,2026-08-03T05:51:13,netbanking,otp_timeout,1,1.64,0.0446,0.1199,0.0456,2,0,0,OTP_TIMEOUT
txn_000415_7c9fd8,merchant_001,1614.87,2026-08-03T06:03:05,netbanking,user_cancelled,0,0.93,0.06,0.0,0.0356,3,0,0,USER_ABANDONMENT
txn_001036_22a037,merchant_030,3042.33,2026-08-03T06:07:15,upi,card_expired,0,0.04,0.1201,0.0193,0.0,1,2,0,CARD_DECLINE
txn_000523_203ed3,merchant_024,2174.34,2026-08-03T06:25:42,card,card_expired,2,4.77,0.1206,0.058,0.0086,1,1,0,CARD_DECLINE
txn_001230_1a472b,merchant_010,8726.41,2026-08-03T07:26:37,upi,gateway_timeout,1,1.26,0.5157,0.3202,0.5323,8,1,0,INFRASTRUCTURE
txn_000280_5b5aea,merchant_039,7671.58,2026-08-03T07:29:27,wallet,service_unavailable,0,5.87,0.4796,0.1657,0.3488,3,1,0,INFRASTRUCTURE
txn_000614_0b7c04,merchant_022,1143.58,2026-08-03T07:45:50,netbanking,3ds_auth_failed,0,2.53,0.1414,0.0206,0.0065,3,1,0,OTP_TIMEOUT
txn_000921_05873d,merchant_017,2953.85,2026-08-03T08:00:50,card,insufficient_funds,1,2.17,0.0325,0.0,0.089,4,1,0,INSUFFICIENT_FUNDS
txn_000042_afa567,merchant_028,7385.67,2026-08-03T08:14:47,wallet,internal_error,0,3.16,0.4487,0.4597,0.2359,6,0,0,INFRASTRUCTURE
txn_000249_c79bbd,merchant_019,696.34,2026-08-03T08:29:52,upi,insufficient_funds,1,1.59,0.0358,0.0806,0.0573,3,3,0,INSUFFICIENT_FUNDS
txn_000954_9347b8,merchant_025,238.58,2026-08-03T08:36:09,netbanking,user_cancelled,0,0.26,0.0964,0.0798,0.0696,7,0,0,USER_ABANDONMENT
txn_000505_1a4db9,merchant_016,6076.22,2026-08-03T08:47:13,card,gateway_timeout,0,5.27,0.3486,0.0235,0.1573,7,0,0,WEBHOOK_AMBIGUITY
txn_001005_388816,merchant_001,3044.18,2026-08-03T09:32:21,upi,invalid_card,1,1.92,0.0273,0.0114,0.0018,1,1,0,CARD_DECLINE
txn_001356_f4d9d6,merchant_038,2166.38,2026-08-03T09:49:48,upi,insufficient_funds,0,0.26,0.0,0.1049,0.042,2,0,0,INSUFFICIENT_FUNDS
txn_000320_4ac106,merchant_031,1059.63,2026-08-03T10:36:20,upi,session_expired,0,7.8,0.0414,0.0,0.0503,9,1,0,USER_ABANDONMENT
txn_001275_3cb673,merchant_011,1266.85,2026-08-03T10:38:57,card,service_unavailable,1,6.23,0.5175,0.3639,0.2185,4,0,0,INFRASTRUCTURE
txn_000500_7ece34,merchant_020,308.23,2026-08-03T10:57:29,netbanking,insufficient_funds,0,0.43,0.0226,0.1379,0.0429,3,4,0,INSUFFICIENT_FUNDS
txn_000730_6f2be1,merchant_027,3509.03,2026-08-03T11:57:35,netbanking,insufficient_funds,1,0.37,0.0215,0.054,0.0656,3,2,0,INSUFFICIENT_FUNDS
txn_000457_3ed76c,merchant_003,617.32,2026-08-03T12:11:39,wallet,otp_timeout,1,2.36,0.0001,0.0088,0.0794,5,0,0,OTP_TIMEOUT
txn_000175_055ec3,merchant_025,1711.25,2026-08-03T12:41:43,netbanking,gateway_timeout,1,22.23,0.1401,0.4676,0.01,6,0,0,WEBHOOK_AMBIGUITY
txn_000494_a54c8b,merchant_003,1005.89,2026-08-03T13:02:46,netbanking,unknown,1,23.66,0.4863,0.1921,0.1166,3,0,0,WEBHOOK_AMBIGUITY
txn_000351_4e7b34,merchant_027,1514.07,2026-08-03T13:29:20,upi,insufficient_funds,1,3.66,0.0439,0.0187,0.0898,1,4,0,INSUFFICIENT_FUNDS
txn_000158_f93a25,merchant_006,822.89,2026-08-03T14:25:25,card,insufficient_funds,0,1.45,0.0072,0.0554,0.0,0,1,1,INSUFFICIENT_FUNDS
txn_001195_9210fe,merchant_006,4127.12,2026-08-03T14:38:04,wallet,otp_timeout,1,2.22,0.0763,0.0,0.0253,5,0,0,OTP_TIMEOUT
txn_000334_739f24,merchant_034,8839.16,2026-08-03T14:43:08,card,gateway_timeout,1,11.31,0.3195,0.1953,0.1842,3,0,0,WEBHOOK_AMBIGUITY
txn_000722_1d58a9,merchant_017,1322.45,2026-08-03T14:55:32,wallet,issuer_declined,0,4.79,0.0,0.0376,0.035,2,2,0,CARD_DECLINE
txn_000387_d59202,merchant_004,581.02,2026-08-03T15:01:56,netbanking,user_cancelled,0,1.92,0.0385,0.0898,0.041,2,3,1,USER_ABANDONMENT
txn_001485_597bec,merchant_010,4114.55,2026-08-03T15:33:14,card,gateway_timeout,1,25.44,0.0,0.1253,0.1489,8,1,0,WEBHOOK_AMBIGUITY
txn_001342_6048b7,merchant_008,2157.1,2026-08-03T15:46:31,card,internal_error,0,2.34,0.3301,0.3363,0.7449,6,0,0,INFRASTRUCTURE
txn_000125_d7ebc5,merchant_020,452.45,2026-08-03T15:47:17,wallet,insufficient_funds,1,2.62,0.0175,0.0,0.0193,1,3,0,INSUFFICIENT_FUNDS
txn_000725_e101fa,merchant_016,1005.74,2026-08-03T16:42:20,card,otp_timeout,0,0.3,0.0,0.0,0.0,7,1,0,OTP_TIMEOUT
txn_000232_06b4c3,merchant_003,402.03,2026-08-03T16:48:22,card,session_expired,0,3.52,0.1054,0.093,0.0352,5,0,0,USER_ABANDONMENT
txn_001024_3f8c38,merchant_013,2479.22,2026-08-03T16:50:55,card,invalid_card,0,1.67,0.0573,0.0897,0.0645,0,2,0,CARD_DECLINE
txn_001407_cefccf,merchant_001,2366.06,2026-08-03T17:01:35,card,insufficient_funds,0,0.06,0.0575,0.0583,0.0371,1,5,0,INSUFFICIENT_FUNDS
txn_000751_04e8e0,merchant_023,6377.25,2026-08-03T17:05:15,netbanking,user_cancelled,0,3.78,0.0572,0.0449,0.0904,6,2,0,USER_ABANDONMENT
txn_000220_1585a0,merchant_009,644.7,2026-08-03T17:22:58,netbanking,issuer_declined,0,8.66,0.0,0.0,0.0338,2,1,0,CARD_DECLINE
txn_000762_b3be9d,merchant_004,4773.37,2026-08-03T17:36:41,card,internal_error,0,7.72,0.6282,0.4654,0.4214,3,0,0,INFRASTRUCTURE
txn_000728_249ae8,merchant_031,926.61,2026-08-03T17:56:44,card,session_expired,0,1.85,0.0,0.0,0.0469,2,1,0,USER_ABANDONMENT
txn_001292_10faf7,merchant_025,244.69,2026-08-03T17:58:55,wallet,issuer_declined,0,1.89,0.037,0.0,0.0377,1,2,0,CARD_DECLINE
txn_000808_a9e8cc,merchant_009,457.19,2026-08-03T18:14:59,card,insufficient_funds,1,4.92,0.0332,0.1116,0.1074,3,3,0,INSUFFICIENT_FUNDS
txn_000942_749c2a,merchant_026,859.82,2026-08-03T18:29:41,wallet,invalid_card,1,5.12,0.1283,0.0756,0.028,2,2,0,CARD_DECLINE
txn_000693_f17af9,merchant_002,7712.77,2026-08-03T19:00:44,wallet,issuer_declined,0,2.43,0.0497,0.0025,0.0604,1,2,0,CARD_DECLINE
txn_000295_652248,merchant_011,400.61,2026-08-03T19:34:11,netbanking,invalid_card,1,1.65,0.0756,0.0664,0.1065,2,1,0,CARD_DECLINE
txn_000028_57a127,merchant_023,2169.99,2026-08-03T19:35:01,card,issuer_declined,2,4.58,0.0077,0.0667,0.0626,2,2,0,CARD_DECLINE
txn_000069_a548c4,merchant_025,397.46,2026-08-03T19:53:05,upi,issuer_declined,1,0.9,0.0144,0.006,0.0619,2,1,0,CARD_DECLINE
txn_000713_b29a14,merchant_019,658.06,2026-08-03T19:53:33,upi,insufficient_funds,1,0.32,0.0225,0.0591,0.0487,3,2,0,INSUFFICIENT_FUNDS
txn_001001_9dacc9,merchant_015,6175.54,2026-08-03T20:58:18,card,otp_timeout,1,2.04,0.0676,0.0,0.1406,4,0,0,OTP_TIMEOUT
txn_000134_c7f6d2,merchant_028,753.33,2026-08-03T21:02:28,wallet,insufficient_funds,0,0.84,0.0894,0.0,0.0454,2,6,0,INSUFFICIENT_FUNDS
txn_001020_1526b5,merchant_004,317.96,2026-08-03T21:06:47,upi,3ds_auth_failed,1,2.05,0.0173,0.0566,0.1132,5,0,0,OTP_TIMEOUT
txn_001223_9de1e2,merchant_010,340.44,2026-08-03T21:31:48,card,insufficient_funds,0,1.2,0.0797,0.0,0.0659,1,3,0,INSUFFICIENT_FUNDS
txn_000936_ff7e00,merchant_004,328.69,2026-08-03T22:07:12,netbanking,gateway_timeout,0,4.13,0.8629,0.471,0.4108,5,1,0,INFRASTRUCTURE
txn_000150_7026d9,merchant_016,1098.26,2026-08-03T22:18:26,card,invalid_card,2,0.03,0.049,0.0207,0.012,2,2,0,CARD_DECLINE
txn_000076_122386,merchant_022,475.5,2026-08-03T22:22:13,card,issuer_declined,0,0.84,0.0,0.0938,0.0665,4,0,0,CARD_DECLINE
txn_000943_2d6534,merchant_040,1950.17,2026-08-03T23:06:11,wallet,otp_timeout,1,1.05,0.0714,0.0,0.0415,6,0,1,OTP_TIMEOUT
txn_001108_3e9546,merchant_001,6774.91,2026-08-03T23:06:55,wallet,invalid_card,1,0.13,0.0319,0.018,0.1046,4,0,0,CARD_DECLINE
txn_000618_888e49,merchant_038,597.7,2026-08-03T23:35:21,wallet,service_unavailable,1,3.03,0.8654,0.4708,0.56,3,0,0,INFRASTRUCTURE
txn_000664_f7aff7,merchant_016,1409.03,2026-08-03T23:35:41,wallet,insufficient_funds,0,0.52,0.0383,0.0907,0.1063,2,2,0,INSUFFICIENT_FUNDS
txn_000764_9ed413,merchant_016,4279.54,2026-08-04T00:02:54,wallet,3ds_auth_failed,0,7.73,0.1375,0.0,0.0,3,0,0,OTP_TIMEOUT
txn_000754_d5d11a,merchant_040,8253.16,2026-08-04T00:24:06,card,session_expired,0,1.21,0.1004,0.0,0.0582,3,0,0,USER_ABANDONMENT
txn_001009_be19fe,merchant_035,85.98,2026-08-04T00:26:37,wallet,issuer_declined,2,4.68,0.0355,0.0346,0.0894,2,4,0,CARD_DECLINE
txn_000811_aa8c5b,merchant_038,8010.28,2026-08-04T00:47:23,netbanking,gateway_timeout,1,19.78,0.5655,0.1971,0.3348,7,1,0,WEBHOOK_AMBIGUITY
txn_001079_c62970,merchant_012,420.63,2026-08-04T00:54:10,wallet,insufficient_funds,0,5.92,0.0959,0.013,0.1289,3,2,0,INSUFFICIENT_FUNDS
txn_000782_3b5ea1,merchant_005,1754.06,2026-08-04T01:05:43,wallet,insufficient_funds,0,2.74,0.081,0.084,0.0287,0,2,0,INSUFFICIENT_FUNDS
txn_000527_471d50,merchant_026,478.42,2026-08-04T01:38:05,card,issuer_declined,1,3.25,0.0582,0.0394,0.0312,3,1,0,CARD_DECLINE
txn_000054_334114,merchant_038,869.19,2026-08-04T01:56:37,card,unknown,0,20.04,0.3112,0.2564,0.2367,7,1,0,WEBHOOK_AMBIGUITY
txn_000935_c00e4c,merchant_035,1513.04,2026-08-04T02:03:11,upi,gateway_timeout,1,4.06,0.5314,0.3841,0.2255,8,0,0,INFRASTRUCTURE
txn_001168_8234a5,merchant_033,480.17,2026-08-04T02:26:42,netbanking,issuer_declined,2,0.8,0.0771,0.0488,0.0074,1,3,0,CARD_DECLINE
txn_001369_5b56c2,merchant_010,1066.2,2026-08-04T03:11:39,upi,gateway_timeout,0,5.3,0.5395,0.4577,0.4597,3,0,0,INFRASTRUCTURE
txn_001112_3a74e3,merchant_028,6526.66,2026-08-04T03:20:13,wallet,card_expired,0,4.34,0.0828,0.1035,0.1165,0,1,0,CARD_DECLINE
txn_001389_a54ad5,merchant_009,1819.52,2026-08-04T03:21:07,upi,gateway_timeout,1,16.04,0.3387,0.4281,0.1829,10,1,0,WEBHOOK_AMBIGUITY
txn_000546_5b1be4,merchant_007,1417.59,2026-08-04T03:43:48,wallet,issuer_declined,2,2.32,0.0,0.0774,0.1148,2,3,0,CARD_DECLINE
txn_000988_d4d318,merchant_020,4001.63,2026-08-04T04:49:33,wallet,insufficient_funds,0,0.01,0.0348,0.0168,0.0459,3,3,0,INSUFFICIENT_FUNDS
txn_000237_43a375,merchant_038,623.75,2026-08-04T05:05:06,upi,internal_error,0,2.39,0.279,0.5469,0.2164,11,0,0,INFRASTRUCTURE
txn_000197_b1edb1,merchant_029,1510.56,2026-08-04T05:50:24,netbanking,unknown,0,1.73,0.3623,0.4528,0.2362,7,0,0,WEBHOOK_AMBIGUITY
txn_001227_ff7613,merchant_038,1294.51,2026-08-04T06:22:25,netbanking,user_cancelled,0,0.61,0.0543,0.0237,0.0,8,0,0,USER_ABANDONMENT
txn_000333_76e541,merchant_011,1122.9,2026-08-04T06:49:54,upi,user_cancelled,0,10.98,0.1079,0.1066,0.048,5,0,0,USER_ABANDONMENT
txn_000615_51de3a,merchant_006,1937.46,2026-08-04T06:59:14,netbanking,user_cancelled,0,1.73,0.0089,0.014,0.0,6,0,0,USER_ABANDONMENT
txn_001283_4d6b9d,merchant_024,679.95,2026-08-04T07:13:16,card,service_unavailable,0,10.1,0.4285,0.3304,0.3741,3,1,0,INFRASTRUCTURE
txn_001239_98b9b0,merchant_024,1210.93,2026-08-04T07:14:15,upi,insufficient_funds,0,3.08,0.0573,0.1276,0.1237,3,1,0,INSUFFICIENT_FUNDS
txn_000545_c34231,merchant_010,283.36,2026-08-04T07:46:57,upi,internal_error,1,0.26,0.536,0.3669,0.3228,3,1,0,INFRASTRUCTURE
txn_000181_5dd913,merchant_005,809.83,2026-08-04T07:53:58,upi,gateway_timeout,1,9.6,0.4794,0.205,0.3326,7,1,0,INFRASTRUCTURE
txn_000276_5cbf5d,merchant_003,295.16,2026-08-04T08:00:33,card,insufficient_funds,1,0.04,0.0,0.0,0.0847,2,3,0,INSUFFICIENT_FUNDS
txn_000281_60bfef,merchant_013,1106.7,2026-08-04T08:11:43,wallet,card_expired,0,0.47,0.0842,0.0044,0.0715,2,1,0,CARD_DECLINE
txn_001007_8c00c1,merchant_007,444.07,2026-08-04T08:40:30,card,service_unavailable,0,8.21,0.4858,0.3229,0.403,7,0,0,INFRASTRUCTURE
txn_000708_e0e610,merchant_033,5623.26,2026-08-04T09:01:59,upi,invalid_card,1,1.68,0.0818,0.0479,0.0355,2,3,0,CARD_DECLINE
txn_001265_e355be,merchant_027,2768.54,2026-08-04T09:02:15,upi,insufficient_funds,0,0.11,0.0485,0.0182,0.0189,1,3,1,INSUFFICIENT_FUNDS
txn_001093_80cb23,merchant_006,2919.06,2026-08-04T09:22:39,card,issuer_declined,2,1.75,0.014,0.0157,0.0102,0,4,0,CARD_DECLINE
txn_000555_e96a93,merchant_025,706.53,2026-08-04T09:36:47,upi,3ds_auth_failed,0,6.74,0.1035,0.0495,0.0655,3,0,0,OTP_TIMEOUT
txn_001291_cfbda5,merchant_037,423.12,2026-08-04T09:47:15,netbanking,3ds_auth_failed,0,0.88,0.1398,0.074,0.0,3,1,0,OTP_TIMEOUT
txn_000609_3a37a1,merchant_027,3132.72,2026-08-04T09:50:31,wallet,insufficient_funds,1,5.01,0.0832,0.0332,0.0062,0,5,0,INSUFFICIENT_FUNDS
txn_001157_073ebd,merchant_005,7921.16,2026-08-04T09:59:40,wallet,gateway_timeout,0,16.41,0.2555,0.2469,0.1497,5,0,0,WEBHOOK_AMBIGUITY
txn_000402_3bcb40,merchant_006,2146.18,2026-08-04T11:59:53,wallet,invalid_card,2,1.59,0.0717,0.0278,0.0984,2,3,0,CARD_DECLINE
txn_001070_6b261b,merchant_013,2108.56,2026-08-04T12:20:14,wallet,otp_timeout,0,1.56,0.1117,0.0391,0.0754,5,0,0,OTP_TIMEOUT
txn_000729_5195a9,merchant_005,509.25,2026-08-04T12:29:19,netbanking,otp_timeout,1,5.43,0.0506,0.2013,0.1036,1,0,0,OTP_TIMEOUT
txn_000454_8c65ab,merchant_020,1839.16,2026-08-04T12:32:02,wallet,gateway_timeout,1,3.01,0.7382,0.656,0.6116,8,1,0,INFRASTRUCTURE
txn_000097_54b1c4,merchant_007,1201.7,2026-08-04T13:29:03,upi,unknown,1,19.41,0.0112,0.0941,0.2923,8,0,0,WEBHOOK_AMBIGUITY
txn_000638_ddfa7c,merchant_035,2639.99,2026-08-04T13:48:15,wallet,card_expired,2,0.73,0.0553,0.0,0.0354,3,1,0,CARD_DECLINE
txn_000509_97a1ef,merchant_009,2433.84,2026-08-04T13:53:16,netbanking,otp_timeout,1,0.91,0.0993,0.0004,0.0725,6,1,0,OTP_TIMEOUT
txn_000911_2d93f6,merchant_020,1106.12,2026-08-04T14:31:55,upi,gateway_timeout,0,3.15,0.2905,0.1209,0.1912,4,2,0,WEBHOOK_AMBIGUITY
txn_001386_05d183,merchant_039,247.93,2026-08-04T14:49:24,netbanking,issuer_declined,1,0.31,0.0617,0.0397,0.0,3,4,0,CARD_DECLINE
txn_000178_d4bd36,merchant_040,2345.72,2026-08-04T15:48:16,wallet,invalid_card,2,0.41,0.0769,0.1486,0.1713,1,4,1,CARD_DECLINE
txn_000128_8d6c96,merchant_013,2007.52,2026-08-04T15:58:00,upi,insufficient_funds,0,0.21,0.0272,0.0708,0.0753,2,3,0,INSUFFICIENT_FUNDS
txn_000752_1fd2bb,merchant_040,4609.46,2026-08-04T16:17:13,card,internal_error,1,1.38,0.7162,0.4321,0.4289,4,1,0,INFRASTRUCTURE
txn_000257_786043,merchant_005,1059.78,2026-08-04T16:37:41,netbanking,invalid_card,2,0.13,0.0496,0.0683,0.062,1,3,0,CARD_DECLINE
txn_000337_0b5fe3,merchant_009,2395.31,2026-08-04T16:46:27,upi,otp_timeout,1,3.17,0.0968,0.0713,0.0552,8,0,0,OTP_TIMEOUT
txn_000085_94cd27,merchant_035,366.93,2026-08-04T16:52:59,card,card_expired,0,1.69,0.0,0.0478,0.0553,1,4,0,CARD_DECLINE
txn_000132_aa98a8,merchant_008,7725.12,2026-08-04T17:20:42,upi,session_expired,0,0.43,0.0917,0.1025,0.1092,1,2,0,USER_ABANDONMENT
txn_000400_214952,merchant_002,818.94,2026-08-04T17:22:04,upi,unknown,1,14.08,0.307,0.0488,0.1781,8,0,0,WEBHOOK_AMBIGUITY
txn_000902_55ef9d,merchant_006,1829.44,2026-08-04T17:23:47,upi,otp_timeout,0,6.33,0.0,0.1121,0.0938,8,1,0,OTP_TIMEOUT
txn_000483_fab8c2,merchant_039,440.66,2026-08-04T17:32:47,netbanking,internal_error,0,0.68,0.4269,0.3986,0.5904,12,1,0,INFRASTRUCTURE
txn_000117_a575e1,merchant_031,4558.04,2026-08-04T17:40:04,upi,internal_error,0,3.07,0.4795,0.3987,0.1571,2,0,0,INFRASTRUCTURE
txn_000665_886d7f,merchant_003,3089.28,2026-08-04T17:42:11,card,issuer_declined,0,1.92,0.0531,0.0,0.0275,3,1,0,CARD_DECLINE
txn_000212_d0da58,merchant_011,258.21,2026-08-04T17:48:58,upi,internal_error,0,8.36,0.4959,0.6104,0.4717,6,1,0,INFRASTRUCTURE
txn_001376_813380,merchant_033,1039.27,2026-08-04T17:53:28,wallet,3ds_auth_failed,0,0.95,0.1428,0.0288,0.0642,2,1,0,OTP_TIMEOUT
txn_001074_38a9b5,merchant_010,9869.26,2026-08-04T17:55:35,netbanking,unknown,1,23.51,0.0,0.0031,0.2812,6,0,0,WEBHOOK_AMBIGUITY
txn_000691_122adf,merchant_021,122.03,2026-08-04T17:56:54,card,invalid_card,0,1.78,0.0247,0.0427,0.0543,2,3,0,CARD_DECLINE
txn_000463_07701d,merchant_036,1944.61,2026-08-04T18:33:43,upi,user_cancelled,0,2.53,0.0918,0.0763,0.0252,6,0,0,USER_ABANDONMENT
txn_001039_8c67a9,merchant_011,1624.3,2026-08-04T18:50:40,card,unknown,1,13.39,0.2243,0.2951,0.2014,8,1,0,WEBHOOK_AMBIGUITY
txn_000514_392e0c,merchant_032,2221.24,2026-08-04T19:06:12,upi,issuer_declined,0,0.75,0.0484,0.0798,0.0537,3,4,0,CARD_DECLINE
txn_000849_440faf,merchant_037,9606.83,2026-08-04T19:59:21,netbanking,service_unavailable,1,4.22,0.3058,0.2856,0.5242,3,1,0,INFRASTRUCTURE
txn_000865_9a82a8,merchant_028,981.29,2026-08-04T20:22:38,upi,otp_timeout,0,0.92,0.1356,0.05,0.0671,1,0,0,OTP_TIMEOUT
txn_000027_a62be4,merchant_039,1765.54,2026-08-04T20:30:02,upi,insufficient_funds,1,3.1,0.0714,0.0405,0.0645,4,3,0,INSUFFICIENT_FUNDS
txn_000349_fe749d,merchant_036,3791.27,2026-08-04T20:52:50,upi,insufficient_funds,1,2.74,0.0622,0.0116,0.0,2,5,0,INSUFFICIENT_FUNDS
txn_000038_342d40,merchant_009,2103.46,2026-08-04T22:05:32,upi,insufficient_funds,1,0.82,0.0,0.0,0.0344,0,1,0,INSUFFICIENT_FUNDS
txn_000352_89b706,merchant_007,8154.25,2026-08-04T22:40:24,netbanking,gateway_timeout,1,10.45,0.487,0.5282,0.3585,5,0,0,INFRASTRUCTURE
txn_000650_df6c2e,merchant_005,3520.77,2026-08-04T23:37:51,upi,invalid_card,0,1.67,0.0059,0.0849,0.0778,2,1,0,CARD_DECLINE
txn_001443_c3f5c1,merchant_036,421.78,2026-08-04T23:39:52,netbanking,user_cancelled,0,0.86,0.0708,0.1137,0.0515,5,1,0,USER_ABANDONMENT
txn_001359_5f2af7,merchant_013,4551.94,2026-08-04T23:43:25,netbanking,invalid_card,1,4.35,0.1024,0.1036,0.0046,3,1,0,CARD_DECLINE
txn_000135_1a8680,merchant_026,687.24,2026-08-05T00:02:01,card,insufficient_funds,1,2.62,0.1062,0.0478,0.0624,1,4,0,INSUFFICIENT_FUNDS
txn_000673_7e60c8,merchant_025,1757.93,2026-08-05T00:12:43,upi,3ds_auth_failed,1,0.23,0.1366,0.0,0.0298,5,1,1,OTP_TIMEOUT
txn_001450_939464,merchant_017,9579.45,2026-08-05T00:43:23,upi,invalid_card,1,2.68,0.0466,0.1003,0.0543,0,4,0,CARD_DECLINE
txn_000703_af9a5c,merchant_036,1181.98,2026-08-05T00:55:09,upi,service_unavailable,0,5.88,0.2802,0.3026,0.2423,4,1,0,INFRASTRUCTURE
txn_000292_c831f1,merchant_023,2551.47,2026-08-05T01:46:33,wallet,insufficient_funds,1,1.97,0.0734,0.0409,0.0306,6,3,0,INSUFFICIENT_FUNDS
txn_000353_0a0bbc,merchant_005,2372.46,2026-08-05T02:07:10,upi,gateway_timeout,0,14.8,0.3151,0.2961,0.1025,7,0,0,WEBHOOK_AMBIGUITY
txn_001320_7ed9a7,merchant_033,1502.81,2026-08-05T03:47:19,netbanking,gateway_timeout,1,27.93,0.0644,0.2078,0.2842,5,0,0,WEBHOOK_AMBIGUITY
txn_001368_c91b4e,merchant_024,1434.33,2026-08-05T04:17:04,netbanking,insufficient_funds,1,0.98,0.0465,0.0441,0.0712,2,1,0,INSUFFICIENT_FUNDS
txn_001363_7208e9,merchant_016,1091.23,2026-08-05T04:25:29,upi,otp_timeout,1,1.11,0.1964,0.0749,0.0,2,0,0,OTP_TIMEOUT
txn_000831_003838,merchant_033,3715.47,2026-08-05T04:30:41,upi,gateway_timeout,1,5.52,0.6328,0.4122,0.5338,1,0,0,INFRASTRUCTURE
txn_000857_68b203,merchant_021,333.61,2026-08-05T04:49:54,upi,service_unavailable,1,7.49,0.5431,0.3274,0.4657,8,1,0,INFRASTRUCTURE
txn_001486_cb6d07,merchant_028,2463.52,2026-08-05T04:50:42,card,unknown,0,14.49,0.4442,0.4387,0.186,4,1,0,WEBHOOK_AMBIGUITY
txn_000186_e980ec,merchant_014,2008.37,2026-08-05T04:53:01,netbanking,card_expired,1,3.19,0.0117,0.03,0.0807,1,3,0,CARD_DECLINE
txn_000809_d4e66a,merchant_004,2530.99,2026-08-05T04:58:02,upi,insufficient_funds,0,2.01,0.0163,0.1296,0.025,5,2,0,INSUFFICIENT_FUNDS
txn_000091_6392f0,merchant_026,641.49,2026-08-05T05:05:00,upi,insufficient_funds,1,3.95,0.0754,0.0598,0.0346,1,3,0,INSUFFICIENT_FUNDS
txn_000241_994315,merchant_030,647.27,2026-08-05T05:34:55,netbanking,gateway_timeout,0,5.81,0.4245,0.5777,0.6309,3,1,0,INFRASTRUCTURE
txn_000792_e239e7,merchant_002,12038.38,2026-08-05T05:39:28,card,insufficient_funds,0,0.79,0.1136,0.0,0.0437,2,3,0,INSUFFICIENT_FUNDS
txn_000971_d2f6de,merchant_001,2309.4,2026-08-05T06:15:36,card,gateway_timeout,1,7.91,0.8596,0.4008,0.4498,5,1,0,INFRASTRUCTURE
txn_000519_958000,merchant_008,634.13,2026-08-05T06:27:09,card,session_expired,0,0.57,0.0477,0.0169,0.0981,5,1,0,USER_ABANDONMENT
txn_000453_a6920c,merchant_015,2234.45,2026-08-05T06:27:56,wallet,gateway_timeout,0,4.03,0.383,0.0311,0.1585,6,2,0,WEBHOOK_AMBIGUITY
txn_000840_63d9d4,merchant_037,1861.03,2026-08-05T06:30:56,upi,invalid_card,1,0.15,0.0386,0.0,0.0067,1,2,0,CARD_DECLINE
txn_000895_3453d9,merchant_017,8114.53,2026-08-05T06:52:45,netbanking,gateway_timeout,1,14.73,0.0995,0.3105,0.1473,3,0,0,WEBHOOK_AMBIGUITY
txn_000302_3bae9e,merchant_003,4977.65,2026-08-05T06:54:39,card,internal_error,1,1.59,0.5443,0.5578,0.2242,5,1,0,INFRASTRUCTURE
txn_000183_ec60f4,merchant_006,335.34,2026-08-05T07:46:29,netbanking,service_unavailable,0,6.02,0.773,0.4612,0.517,2,0,0,INFRASTRUCTURE
txn_000794_11d7e8,merchant_004,2445.72,2026-08-05T07:48:54,wallet,session_expired,0,1.28,0.0677,0.0694,0.004,7,0,0,USER_ABANDONMENT
txn_001143_fe44d2,merchant_032,3531.99,2026-08-05T07:49:43,netbanking,internal_error,0,8.01,0.7069,0.5596,0.3318,8,0,0,INFRASTRUCTURE
txn_000239_0633c5,merchant_031,1537.01,2026-08-05T08:17:25,upi,issuer_declined,1,6.27,0.0,0.0659,0.0,2,1,0,CARD_DECLINE
txn_000978_4bf174,merchant_039,696.9,2026-08-05T08:35:46,wallet,issuer_declined,0,1.36,0.0404,0.1088,0.1066,4,0,0,CARD_DECLINE
txn_001400_a9da81,merchant_019,1639.45,2026-08-05T08:48:01,wallet,service_unavailable,1,2.72,0.7143,0.3577,0.664,5,0,0,INFRASTRUCTURE
txn_000021_4c9a78,merchant_030,653.31,2026-08-05T08:57:55,card,session_expired,0,5.22,0.1034,0.0616,0.0608,4,0,0,USER_ABANDONMENT
txn_000893_a69ef9,merchant_016,2393.22,2026-08-05T08:59:11,card,otp_timeout,0,0.97,0.2103,0.0562,0.038,3,1,1,OTP_TIMEOUT
txn_001414_39f391,merchant_018,2191.23,2026-08-05T09:46:53,card,gateway_timeout,0,14.4,0.5606,0.3437,0.3207,1,1,0,WEBHOOK_AMBIGUITY
txn_000347_0ced5e,merchant_020,1065.45,2026-08-05T10:14:35,wallet,insufficient_funds,1,1.71,0.0,0.0432,0.117,1,5,0,INSUFFICIENT_FUNDS
txn_001029_b6d463,merchant_024,686.65,2026-08-05T11:04:40,card,user_cancelled,0,2.25,0.0,0.0377,0.0372,5,3,0,USER_ABANDONMENT
txn_000411_359d41,merchant_016,803.77,2026-08-05T11:14:49,wallet,user_cancelled,0,3.24,0.127,0.0197,0.121,6,1,0,USER_ABANDONMENT
txn_000459_c04807,merchant_029,8459.63,2026-08-05T11:29:41,card,service_unavailable,1,8.35,0.48,0.5156,0.4903,5,1,0,INFRASTRUCTURE
txn_000437_400de6,merchant_034,2507.49,2026-08-05T12:13:11,netbanking,card_expired,1,0.94,0.0,0.0156,0.1021,2,5,0,CARD_DECLINE
txn_000377_0526e2,merchant_015,483.88,2026-08-05T12:22:15,card,card_expired,0,0.15,0.0719,0.0,0.0301,0,4,0,CARD_DECLINE
txn_001203_cf9b6e,merchant_017,1152.66,2026-08-05T13:14:32,card,gateway_timeout,0,7.69,0.6758,0.4357,0.4475,2,1,0,INFRASTRUCTURE
txn_001218_aa5928,merchant_037,1061.05,2026-08-05T14:41:59,card,gateway_timeout,1,7.76,0.6905,0.3014,0.3316,4,1,0,INFRASTRUCTURE
txn_000851_81e211,merchant_019,390.64,2026-08-05T16:02:09,wallet,card_expired,1,0.36,0.0125,0.0402,0.0882,3,0,0,CARD_DECLINE
txn_000450_f4e3f6,merchant_031,1340.76,2026-08-05T16:03:43,wallet,3ds_auth_failed,0,1.41,0.0499,0.0829,0.0447,6,0,0,OTP_TIMEOUT
txn_000379_c3f61f,merchant_027,328.54,2026-08-05T16:09:00,wallet,invalid_card,0,0.14,0.0,0.1055,0.1233,2,4,0,CARD_DECLINE
txn_001051_838aa2,merchant_018,779.75,2026-08-05T16:13:51,card,insufficient_funds,1,2.48,0.0123,0.0434,0.0461,0,7,0,INSUFFICIENT_FUNDS
txn_000107_39472c,merchant_034,5482.61,2026-08-05T16:41:22,card,issuer_declined,1,4.27,0.0275,0.0,0.0929,2,5,0,CARD_DECLINE
txn_001232_0f9d94,merchant_017,3328.35,2026-08-05T17:15:51,card,internal_error,1,6.44,0.706,0.4824,0.2775,9,2,0,INFRASTRUCTURE
txn_000244_15ea80,merchant_028,9370.54,2026-08-05T17:26:18,wallet,session_expired,0,0.47,0.0899,0.0268,0.1177,6,1,0,USER_ABANDONMENT
txn_000152_34c003,merchant_003,63.58,2026-08-05T17:32:59,netbanking,user_cancelled,0,6.1,0.0,0.0468,0.106,6,1,0,USER_ABANDONMENT
txn_000886_138401,merchant_022,1432.8,2026-08-05T17:37:24,upi,gateway_timeout,1,11.37,0.4834,0.3764,0.3015,4,0,0,WEBHOOK_AMBIGUITY
txn_000847_447a42,merchant_035,3647.8,2026-08-05T17:57:46,wallet,unknown,0,19.28,0.1566,0.252,0.0,7,1,0,WEBHOOK_AMBIGUITY
txn_001212_5805c2,merchant_005,650.59,2026-08-05T18:14:33,netbanking,issuer_declined,2,0.36,0.0,0.0317,0.0771,1,0,1,CARD_DECLINE
txn_000778_2beded,merchant_014,5046.92,2026-08-05T18:15:56,netbanking,user_cancelled,0,3.38,0.0592,0.0413,0.0354,10,2,0,USER_ABANDONMENT
txn_000445_41d2ec,merchant_003,1167.56,2026-08-05T18:27:08,netbanking,gateway_timeout,1,16.65,0.2002,0.0369,0.0,4,0,0,WEBHOOK_AMBIGUITY
txn_000104_a24d39,merchant_001,2281.79,2026-08-05T18:50:43,card,insufficient_funds,1,0.84,0.0308,0.0831,0.0593,0,1,0,INSUFFICIENT_FUNDS
txn_000676_e21128,merchant_005,4908.05,2026-08-05T19:48:25,upi,otp_timeout,0,3.52,0.334,0.114,0.0163,6,0,0,OTP_TIMEOUT
txn_000266_4dff8d,merchant_017,1981.98,2026-08-05T21:31:24,upi,card_expired,0,2.05,0.003,0.0,0.054,1,4,0,CARD_DECLINE
txn_000610_a952b8,merchant_026,863.14,2026-08-05T22:25:19,upi,gateway_timeout,1,17.6,0.3369,0.1693,0.1994,3,1,0,WEBHOOK_AMBIGUITY
txn_000217_bf6b9e,merchant_035,15643.2,2026-08-05T22:31:01,card,otp_timeout,1,1.25,0.1394,0.0134,0.0573,6,1,0,OTP_TIMEOUT
txn_000747_e40459,merchant_039,270.84,2026-08-05T22:31:26,upi,card_expired,0,1.13,0.0,0.0215,0.057,4,3,0,CARD_DECLINE
txn_001280_0c7d96,merchant_011,3144.27,2026-08-05T22:43:29,card,card_expired,0,0.19,0.0682,0.0201,0.0101,1,7,0,CARD_DECLINE
txn_000090_1024e6,merchant_006,1049.86,2026-08-05T23:14:00,upi,card_expired,0,1.44,0.0008,0.0272,0.0,3,4,0,CARD_DECLINE
txn_000644_247197,merchant_026,2010.7,2026-08-05T23:17:43,upi,3ds_auth_failed,0,1.47,0.0,0.0245,0.0237,3,0,0,OTP_TIMEOUT
txn_001062_8dd8fd,merchant_009,1524.46,2026-08-05T23:32:09,netbanking,otp_timeout,1,5.4,0.08,0.0,0.0706,4,1,0,OTP_TIMEOUT
txn_001010_fb7b59,merchant_015,952.82,2026-08-06T00:04:28,netbanking,card_expired,2,4.07,0.1178,0.1444,0.0432,2,1,0,CARD_DECLINE
txn_000869_e5781b,merchant_007,2582.53,2026-08-06T00:58:57,card,session_expired,0,7.27,0.0205,0.0336,0.0304,5,1,0,USER_ABANDONMENT
txn_001468_b2d21f,merchant_032,429.93,2026-08-06T01:12:53,wallet,invalid_card,2,2.19,0.0509,0.087,0.0606,1,1,0,CARD_DECLINE
txn_000848_ba96e6,merchant_013,1505.4,2026-08-06T01:14:26,wallet,gateway_timeout,0,2.5,0.5168,0.835,0.4285,1,0,0,INFRASTRUCTURE
txn_001234_ebc208,merchant_013,2788.3,2026-08-06T01:17:49,upi,gateway_timeout,0,6.7,0.2666,0.0551,0.2367,7,2,0,WEBHOOK_AMBIGUITY
txn_000074_828e4b,merchant_015,1010.02,2026-08-06T01:19:06,wallet,insufficient_funds,1,2.21,0.0,0.0169,0.0114,1,5,0,INSUFFICIENT_FUNDS
txn_001263_3fd17e,merchant_028,593.14,2026-08-06T02:15:14,wallet,insufficient_funds,0,1.03,0.0133,0.0873,0.0682,4,1,0,INSUFFICIENT_FUNDS
txn_000812_b0288f,merchant_014,1996.8,2026-08-06T02:25:29,netbanking,session_expired,0,0.33,0.0412,0.0727,0.0671,11,0,0,USER_ABANDONMENT
txn_000009_ecdba5,merchant_026,1246.01,2026-08-06T02:54:43,wallet,issuer_declined,1,0.38,0.1384,0.0565,0.03,0,4,0,CARD_DECLINE
txn_000043_33da83,merchant_033,249.17,2026-08-06T04:25:16,card,invalid_card,2,1.38,0.0,0.0,0.0523,1,0,0,CARD_DECLINE
txn_000864_5fdc69,merchant_004,8968.93,2026-08-06T05:23:40,wallet,gateway_timeout,0,5.27,0.5638,0.3856,0.101,7,1,0,WEBHOOK_AMBIGUITY
txn_000572_4e6cf7,merchant_019,1280.6,2026-08-06T05:59:04,card,gateway_timeout,1,1.93,0.5952,0.2354,0.0435,1,0,0,WEBHOOK_AMBIGUITY
txn_000102_83d634,merchant_039,433.09,2026-08-06T06:13:05,wallet,insufficient_funds,0,3.57,0.0832,0.0966,0.0396,1,6,0,INSUFFICIENT_FUNDS
txn_001262_1a47b0,merchant_032,2044.77,2026-08-06T06:44:17,card,insufficient_funds,0,3.53,0.063,0.0415,0.0882,1,2,0,INSUFFICIENT_FUNDS
txn_001121_d60599,merchant_022,4050.72,2026-08-06T06:50:32,upi,gateway_timeout,0,0.82,0.3496,0.2491,0.3081,9,0,0,INFRASTRUCTURE
txn_001310_02a1c8,merchant_011,1972.8,2026-08-06T07:21:57,netbanking,insufficient_funds,1,1.76,0.0204,0.1011,0.0914,2,3,0,INSUFFICIENT_FUNDS
txn_000358_be4d8a,merchant_024,5470.83,2026-08-06T07:25:39,netbanking,insufficient_funds,0,1.91,0.0,0.0,0.0,2,1,0,INSUFFICIENT_FUNDS
txn_000140_b3773f,merchant_021,3762.18,2026-08-06T08:31:05,upi,session_expired,0,4.18,0.0,0.0606,0.0388,3,0,0,USER_ABANDONMENT
txn_000968_f94e7e,merchant_035,5109.38,2026-08-06T09:53:19,wallet,3ds_auth_failed,1,0.07,0.1245,0.0934,0.0228,4,0,0,OTP_TIMEOUT
txn_000061_10a4b0,merchant_040,542.31,2026-08-06T09:56:07,upi,card_expired,0,1.84,0.1227,0.0272,0.0242,2,2,1,CARD_DECLINE
txn_001089_c1c181,merchant_039,1605.75,2026-08-06T10:12:44,upi,gateway_timeout,0,15.78,0.3323,0.0,0.357,3,0,0,WEBHOOK_AMBIGUITY
txn_001244_33093e,merchant_035,5688.93,2026-08-06T10:27:56,wallet,card_expired,1,0.95,0.0495,0.0546,0.0586,2,1,0,CARD_DECLINE
txn_000574_1a00a5,merchant_009,772.24,2026-08-06T10:47:15,wallet,insufficient_funds,1,3.05,0.0143,0.0912,0.14,4,1,0,INSUFFICIENT_FUNDS
txn_000688_86f516,merchant_040,627.56,2026-08-06T11:13:46,wallet,issuer_declined,2,0.02,0.0,0.0267,0.0792,0,4,0,CARD_DECLINE
txn_000753_f36bf5,merchant_011,6217.06,2026-08-06T11:52:47,card,3ds_auth_failed,1,0.82,0.2519,0.0,0.0779,6,1,0,OTP_TIMEOUT
txn_000908_c8aa1e,merchant_025,933.02,2026-08-06T12:20:08,netbanking,gateway_timeout,0,17.35,0.0078,0.1218,0.2626,5,1,0,WEBHOOK_AMBIGUITY
txn_001431_d2da83,merchant_020,1396.12,2026-08-06T12:34:24,netbanking,insufficient_funds,0,2.66,0.0161,0.1702,0.0218,0,1,0,INSUFFICIENT_FUNDS
txn_000721_4b059b,merchant_027,784.12,2026-08-06T13:15:02,wallet,gateway_timeout,1,11.27,0.4342,0.153,0.38,4,0,0,WEBHOOK_AMBIGUITY
txn_001075_e90092,merchant_034,8491.38,2026-08-06T13:25:10,upi,3ds_auth_failed,1,1.82,0.1687,0.1175,0.0101,7,0,0,OTP_TIMEOUT
txn_001248_fd4d7c,merchant_028,2373.84,2026-08-06T13:58:06,wallet,card_expired,2,7.42,0.0716,0.0,0.083,4,1,0,CARD_DECLINE
txn_000586_7a6d1a,merchant_017,326.02,2026-08-06T14:22:14,upi,invalid_card,2,0.72,0.1152,0.0321,0.0432,3,1,0,CARD_DECLINE
txn_000461_b03959,merchant_022,739.36,2026-08-06T14:34:16,card,insufficient_funds,0,1.81,0.0709,0.0773,0.0015,3,2,0,INSUFFICIENT_FUNDS
txn_000798_def5f9,merchant_039,3694.87,2026-08-06T14:53:21,card,user_cancelled,0,0.12,0.0497,0.0628,0.0806,4,0,0,USER_ABANDONMENT
txn_001433_f660e8,merchant_015,3694.52,2026-08-06T15:06:22,upi,insufficient_funds,1,1.65,0.0704,0.1165,0.0488,3,0,0,INSUFFICIENT_FUNDS
txn_000103_b79bc5,merchant_003,1534.51,2026-08-06T15:38:30,upi,insufficient_funds,1,1.58,0.0789,0.0544,0.0397,1,2,0,INSUFFICIENT_FUNDS
txn_001107_81fed7,merchant_029,1522.48,2026-08-06T15:52:39,card,insufficient_funds,0,0.42,0.0307,0.0079,0.1062,1,3,0,INSUFFICIENT_FUNDS
txn_001096_7d97ed,merchant_026,13354.93,2026-08-06T16:09:03,netbanking,3ds_auth_failed,1,4.13,0.1875,0.019,0.0457,8,1,0,OTP_TIMEOUT
txn_001205_669a40,merchant_020,2236.84,2026-08-06T16:49:59,upi,otp_timeout,0,1.41,0.1193,0.0716,0.1185,6,2,0,OTP_TIMEOUT
txn_000492_dfefa6,merchant_008,848.93,2026-08-06T17:06:18,card,issuer_declined,2,1.43,0.0151,0.0932,0.0522,5,1,0,CARD_DECLINE
txn_000264_594fdf,merchant_020,248.38,2026-08-06T17:20:03,upi,insufficient_funds,0,8.94,0.0996,0.0713,0.0558,0,0,1,INSUFFICIENT_FUNDS
txn_001373_e7c2bc,merchant_034,70.33,2026-08-06T17:30:05,card,gateway_timeout,1,22.25,0.2416,0.2089,0.2182,7,1,0,WEBHOOK_AMBIGUITY
txn_001172_8ed5cd,merchant_008,9481.44,2026-08-06T18:02:11,upi,service_unavailable,1,8.82,0.7383,0.3699,0.4376,4,1,0,INFRASTRUCTURE
txn_000852_d34004,merchant_010,579.29,2026-08-06T18:08:03,card,3ds_auth_failed,1,0.77,0.0396,0.0201,0.0104,4,1,0,OTP_TIMEOUT
txn_000922_a9d24c,merchant_005,1619.9,2026-08-06T18:38:14,wallet,otp_timeout,0,0.52,0.1319,0.1074,0.0417,7,0,0,OTP_TIMEOUT
txn_000925_b80acd,merchant_027,50024.46,2026-08-06T18:49:09,upi,card_expired,1,1.34,0.1117,0.063,0.062,3,1,0,CARD_DECLINE
txn_000001_ef52bd,merchant_028,15612.27,2026-08-06T19:29:12,netbanking,session_expired,0,3.68,0.0408,0.016,0.0438,2,0,0,USER_ABANDONMENT
txn_000157_576d8c,merchant_034,3872.69,2026-08-06T19:43:54,upi,card_expired,1,7.04,0.0275,0.124,0.0186,3,2,0,CARD_DECLINE
txn_000873_2c7c4d,merchant_012,1134.9,2026-08-06T19:47:49,netbanking,gateway_timeout,0,5.93,0.4945,0.119,0.0,5,0,0,WEBHOOK_AMBIGUITY
txn_000214_e5545c,merchant_023,1368.84,2026-08-06T19:57:35,upi,issuer_declined,1,4.54,0.1085,0.0962,0.0871,1,3,0,CARD_DECLINE
txn_001428_8a09fb,merchant_032,6966.2,2026-08-06T21:49:23,wallet,service_unavailable,1,13.19,0.3738,0.3281,0.2501,5,1,0,INFRASTRUCTURE
txn_001462_962d5e,merchant_017,201.92,2026-08-06T22:17:41,wallet,service_unavailable,0,11.62,0.3044,0.314,0.4577,6,2,0,INFRASTRUCTURE
txn_000513_100f7d,merchant_022,476.84,2026-08-06T22:21:33,wallet,3ds_auth_failed,0,0.87,0.0623,0.0739,0.0873,4,0,0,OTP_TIMEOUT
txn_000466_aee0e3,merchant_036,934.6,2026-08-06T22:38:30,wallet,user_cancelled,0,1.4,0.1065,0.0346,0.0374,8,1,0,USER_ABANDONMENT
txn_001194_56c10c,merchant_040,2362.03,2026-08-06T22:41:48,wallet,insufficient_funds,0,4.82,0.1217,0.1252,0.094,2,2,0,INSUFFICIENT_FUNDS
txn_000282_83e19d,merchant_018,1958.65,2026-08-06T22:58:42,netbanking,gateway_timeout,1,1.3,0.514,0.1697,0.1412,3,1,0,WEBHOOK_AMBIGUITY
txn_000308_8b1f7f,merchant_023,2112.27,2026-08-06T23:27:15,card,3ds_auth_failed,1,2.08,0.273,0.0187,0.054,3,1,0,OTP_TIMEOUT
txn_001087_8a7732,merchant_025,418.8,2026-08-06T23:39:32,netbanking,insufficient_funds,1,1.37,0.0232,0.1203,0.0586,1,0,0,INSUFFICIENT_FUNDS
txn_001019_32a255,merchant_009,2153.61,2026-08-06T23:46:50,upi,otp_timeout,0,0.56,0.0321,0.1192,0.019,4,0,0,OTP_TIMEOUT
txn_000078_01f097,merchant_032,540.55,2026-08-07T00:10:04,netbanking,internal_error,0,8.96,0.2733,0.4443,0.4878,7,0,0,INFRASTRUCTURE
txn_001498_a2fa74,merchant_002,1280.53,2026-08-07T00:50:03,card,unknown,0,2.46,0.255,0.1839,0.0522,5,0,0,WEBHOOK_AMBIGUITY
txn_000025_b3781e,merchant_022,1638.18,2026-08-07T01:03:03,netbanking,invalid_card,2,3.98,0.0161,0.0875,0.0579,1,1,0,CARD_DECLINE
txn_000613_0e5feb,merchant_028,775.08,2026-08-07T01:08:37,wallet,insufficient_funds,0,0.12,0.0428,0.1579,0.0078,2,3,0,INSUFFICIENT_FUNDS
txn_000538_9a31ef,merchant_003,1220.93,2026-08-07T01:44:15,netbanking,3ds_auth_failed,1,1.67,0.1433,0.0299,0.0352,6,1,0,OTP_TIMEOUT
txn_000099_60895f,merchant_030,900.97,2026-08-07T02:04:35,wallet,otp_timeout,1,0.75,0.1756,0.0,0.003,3,0,0,OTP_TIMEOUT
txn_001083_3b0aef,merchant_009,830.63,2026-08-07T02:06:02,netbanking,unknown,0,26.19,0.2699,0.296,0.3279,5,0,0,WEBHOOK_AMBIGUITY
txn_000787_01c8c9,merchant_017,2309.34,2026-08-07T02:16:36,wallet,gateway_timeout,0,12.39,0.0,0.249,0.3244,9,1,0,WEBHOOK_AMBIGUITY
txn_001474_003259,merchant_018,927.37,2026-08-07T02:35:06,upi,gateway_timeout,0,1.32,0.5342,0.379,0.5569,5,3,0,INFRASTRUCTURE
txn_000010_c60425,merchant_030,1810.86,2026-08-07T02:37:21,netbanking,invalid_card,0,0.37,0.0173,0.0723,0.001,4,3,0,CARD_DECLINE
txn_001220_3c0f4e,merchant_027,6514.43,2026-08-07T03:22:02,wallet,session_expired,0,0.52,0.0298,0.0254,0.0296,4,0,0,USER_ABANDONMENT
txn_000548_5b1bfb,merchant_002,4240.69,2026-08-07T03:23:53,netbanking,insufficient_funds,0,0.19,0.0,0.0349,0.0732,0,2,0,INSUFFICIENT_FUNDS
txn_000225_17c3d2,merchant_002,1117.44,2026-08-07T03:41:27,card,issuer_declined,0,2.11,0.0098,0.0003,0.0253,4,3,0,CARD_DECLINE
txn_000974_dd7835,merchant_015,2167.47,2026-08-07T03:46:31,card,otp_timeout,0,1.37,0.0,0.0688,0.0631,11,3,0,OTP_TIMEOUT
txn_000479_78b5a5,merchant_002,1832.11,2026-08-07T03:46:43,upi,3ds_auth_failed,1,4.21,0.0783,0.0702,0.0133,5,0,0,OTP_TIMEOUT
txn_000412_548ce5,merchant_001,1454.83,2026-08-07T03:58:12,upi,invalid_card,0,0.05,0.0478,0.0281,0.0,0,4,0,CARD_DECLINE
txn_001408_e0d196,merchant_008,1905.97,2026-08-07T04:38:39,wallet,service_unavailable,1,6.87,0.4506,0.3538,0.6479,6,0,0,INFRASTRUCTURE
txn_000023_26a340,merchant_028,2652.0,2026-08-07T04:51:39,wallet,insufficient_funds,0,1.62,0.072,0.0762,0.0,2,3,0,INSUFFICIENT_FUNDS
txn_000966_c17e85,merchant_022,1463.42,2026-08-07T04:55:25,upi,otp_timeout,1,5.62,0.2285,0.0681,0.0,3,0,0,OTP_TIMEOUT
txn_001442_660a69,merchant_018,363.35,2026-08-07T04:57:12,netbanking,gateway_timeout,0,8.05,0.5636,0.3904,0.5294,1,1,0,INFRASTRUCTURE
txn_000447_83176d,merchant_033,1341.15,2026-08-07T05:08:31,card,unknown,1,13.67,0.3106,0.0073,0.1183,6,2,0,WEBHOOK_AMBIGUITY
txn_001135_5cc71d,merchant_026,872.68,2026-08-07T05:11:56,upi,insufficient_funds,0,0.09,0.1006,0.1398,0.1089,3,3,0,INSUFFICIENT_FUNDS
txn_000205_ba094f,merchant_015,7361.27,2026-08-07T05:18:44,upi,session_expired,0,0.67,0.0475,0.1174,0.0679,4,0,0,USER_ABANDONMENT
txn_000742_10d1d9,merchant_003,3786.07,2026-08-07T05:22:39,card,insufficient_funds,0,0.61,0.1644,0.0445,0.1368,0,1,0,INSUFFICIENT_FUNDS
txn_000846_82cddf,merchant_031,1203.87,2026-08-07T05:31:29,upi,insufficient_funds,1,0.42,0.0499,0.0493,0.0591,2,2,0,INSUFFICIENT_FUNDS
txn_000289_0f87b3,merchant_020,522.29,2026-08-07T05:59:58,card,gateway_timeout,0,9.31,0.2924,0.2949,0.213,3,0,0,INFRASTRUCTURE
txn_000579_3b91ca,merchant_015,1232.72,2026-08-07T06:03:04,card,gateway_timeout,1,2.56,0.1047,0.368,0.0924,2,2,0,WEBHOOK_AMBIGUITY
txn_000405_138bc0,merchant_006,1064.09,2026-08-07T06:20:34,wallet,session_expired,0,5.64,0.0406,0.0,0.0839,4,1,0,USER_ABANDONMENT
txn_000789_314e6f,merchant_014,1094.39,2026-08-07T06:46:36,wallet,issuer_declined,1,1.13,0.0357,0.0232,0.0574,4,4,0,CARD_DECLINE
txn_000190_190f25,merchant_023,75.63,2026-08-07T06:57:15,card,otp_timeout,0,0.87,0.0686,0.0882,0.0813,3,2,0,OTP_TIMEOUT
txn_001122_5c4f8f,merchant_016,453.3,2026-08-07T06:59:26,netbanking,unknown,1,21.52,0.0624,0.2281,0.1427,2,0,0,WEBHOOK_AMBIGUITY
txn_000040_ea9aad,merchant_018,927.74,2026-08-07T07:02:47,card,issuer_declined,0,0.19,0.0675,0.1691,0.0655,4,3,0,CARD_DECLINE
txn_001160_629412,merchant_023,1465.98,2026-08-07T07:13:11,card,session_expired,0,3.25,0.0961,0.0,0.0,8,1,0,USER_ABANDONMENT
txn_000744_8d77f1,merchant_035,1380.71,2026-08-07T07:18:14,upi,issuer_declined,1,0.88,0.0,0.0353,0.0245,1,5,0,CARD_DECLINE
txn_000452_f08b68,merchant_032,4185.77,2026-08-07T07:19:34,wallet,invalid_card,2,4.71,0.0,0.0574,0.016,2,4,0,CARD_DECLINE
txn_000013_4e3870,merchant_034,720.86,2026-08-07T07:40:41,upi,otp_timeout,1,2.8,0.1775,0.0423,0.041,8,0,0,OTP_TIMEOUT
txn_001349_abaabb,merchant_025,2748.55,2026-08-07T07:40:58,upi,session_expired,0,0.18,0.0512,0.0437,0.0533,10,1,0,USER_ABANDONMENT
txn_001479_f90e52,merchant_001,3024.93,2026-08-07T07:47:48,card,session_expired,0,1.74,0.0538,0.0371,0.092,4,1,0,USER_ABANDONMENT
txn_000817_d2c406,merchant_033,5248.21,2026-08-07T08:23:01,card,3ds_auth_failed,0,0.24,0.112,0.0704,0.1113,3,0,0,OTP_TIMEOUT
txn_001003_3e157a,merchant_002,2940.66,2026-08-07T08:31:15,upi,otp_timeout,0,3.97,0.1583,0.09,0.095,5,3,0,OTP_TIMEOUT
txn_000890_47e6a8,merchant_025,3993.42,2026-08-07T08:34:19,wallet,user_cancelled,0,2.48,0.0814,0.0915,0.0064,5,0,0,USER_ABANDONMENT
txn_000448_0b710f,merchant_036,1269.56,2026-08-07T08:41:59,wallet,issuer_declined,1,0.59,0.06,0.0429,0.074,1,3,0,CARD_DECLINE
txn_000312_89de4a,merchant_008,1607.57,2026-08-07T09:02:37,upi,service_unavailable,0,3.83,0.3052,0.273,0.1865,4,0,0,INFRASTRUCTURE
txn_000058_05985f,merchant_037,2323.46,2026-08-07T09:44:11,netbanking,otp_timeout,0,2.48,0.0,0.1221,0.0,2,0,0,OTP_TIMEOUT
txn_000639_5de829,merchant_026,1155.86,2026-08-07T10:07:45,wallet,invalid_card,2,1.44,0.0841,0.0,0.0177,1,2,0,CARD_DECLINE
txn_000934_d71735,merchant_015,512.87,2026-08-07T10:50:37,upi,invalid_card,1,0.95,0.0948,0.1817,0.0384,1,2,0,CARD_DECLINE
txn_000124_52c45e,merchant_002,1498.78,2026-08-07T10:51:19,netbanking,card_expired,1,5.53,0.0392,0.0093,0.0429,5,4,0,CARD_DECLINE
txn_000735_2a359c,merchant_036,2889.17,2026-08-07T11:14:46,netbanking,internal_error,0,2.97,0.3971,0.3716,0.3683,7,1,0,INFRASTRUCTURE
txn_000317_8897ed,merchant_038,7302.28,2026-08-07T11:28:33,card,gateway_timeout,0,5.61,0.5614,0.4195,0.4549,10,1,0,INFRASTRUCTURE
txn_000771_8ceead,merchant_005,402.47,2026-08-07T13:45:58,netbanking,user_cancelled,0,0.7,0.0272,0.0,0.1183,8,0,0,USER_ABANDONMENT
txn_000916_5fea0f,merchant_014,2784.19,2026-08-07T13:48:20,netbanking,invalid_card,1,4.16,0.0655,0.0,0.0,2,2,0,CARD_DECLINE
txn_000568_9206ab,merchant_017,2106.25,2026-08-07T14:04:01,wallet,service_unavailable,0,8.24,0.5245,0.5556,0.1926,5,0,0,INFRASTRUCTURE
txn_000701_36f3fb,merchant_030,660.86,2026-08-07T14:09:19,card,otp_timeout,1,1.44,0.1933,0.0506,0.0723,9,0,0,OTP_TIMEOUT
txn_000496_9e3ce7,merchant_027,165.56,2026-08-07T14:36:32,wallet,gateway_timeout,0,22.66,0.0,0.1961,0.0,2,0,0,WEBHOOK_AMBIGUITY
txn_000228_b71c47,merchant_021,2848.21,2026-08-07T14:36:53,card,insufficient_funds,0,1.99,0.0984,0.034,0.0578,3,5,0,INSUFFICIENT_FUNDS
txn_000767_2cd6c2,merchant_013,581.93,2026-08-07T15:01:19,card,internal_error,1,5.13,0.7554,0.5362,0.6416,6,0,0,INFRASTRUCTURE
txn_001120_1bd650,merchant_031,282.38,2026-08-07T15:06:03,upi,service_unavailable,1,6.83,0.4073,0.2149,0.4337,2,0,0,INFRASTRUCTURE
txn_001198_a3e0f7,merchant_034,2743.7,2026-08-07T15:07:31,upi,session_expired,0,2.64,0.0,0.0725,0.0627,6,0,0,USER_ABANDONMENT
txn_000391_28e933,merchant_014,2059.71,2026-08-07T15:49:56,upi,session_expired,0,2.85,0.0976,0.0853,0.0483,3,1,0,USER_ABANDONMENT
txn_000372_981acf,merchant_024,2810.23,2026-08-07T15:53:35,upi,user_cancelled,0,0.69,0.1133,0.0942,0.0757,7,0,0,USER_ABANDONMENT
txn_000816_567a9e,merchant_037,7361.82,2026-08-07T15:55:56,upi,insufficient_funds,0,2.6,0.091,0.0936,0.0219,5,4,0,INSUFFICIENT_FUNDS
txn_001494_a6e798,merchant_020,1848.34,2026-08-07T16:22:40,netbanking,issuer_declined,2,1.58,0.0,0.0177,0.0667,0,4,0,CARD_DECLINE
txn_000397_6ce012,merchant_021,5428.13,2026-08-07T16:55:20,netbanking,unknown,0,19.11,0.19,0.4777,0.1027,8,1,0,WEBHOOK_AMBIGUITY
txn_001152_60ac8a,merchant_027,6202.94,2026-08-07T17:00:58,card,gateway_timeout,1,0.15,0.2547,0.2548,0.28,7,0,0,INFRASTRUCTURE
txn_000914_4c1f8d,merchant_023,2021.41,2026-08-07T17:18:13,wallet,internal_error,1,6.55,0.6085,0.4203,0.5368,2,0,0,INFRASTRUCTURE
txn_000620_3dd643,merchant_036,18062.69,2026-08-07T17:21:43,card,gateway_timeout,0,3.67,0.6115,0.2845,0.2353,1,0,0,INFRASTRUCTURE
txn_000486_a538bb,merchant_012,1136.21,2026-08-07T17:38:18,wallet,issuer_declined,0,3.94,0.0,0.057,0.0,1,3,0,CARD_DECLINE
txn_000060_25acc8,merchant_013,2414.38,2026-08-07T18:23:48,wallet,insufficient_funds,0,0.66,0.0551,0.0119,0.0285,5,2,0,INSUFFICIENT_FUNDS
txn_000475_5ba572,merchant_040,409.49,2026-08-07T18:27:01,netbanking,unknown,1,14.85,0.132,0.2106,0.1648,7,0,0,WEBHOOK_AMBIGUITY
txn_000900_208cb0,merchant_018,10701.54,2026-08-07T18:29:39,netbanking,internal_error,1,5.21,0.5334,0.4275,0.3212,9,1,0,INFRASTRUCTURE
txn_000952_b3028c,merchant_001,561.89,2026-08-07T18:30:03,upi,internal_error,1,4.16,0.2389,0.4303,0.6064,4,1,0,INFRASTRUCTURE
txn_000689_d3b194,merchant_016,6767.64,2026-08-07T18:47:45,card,card_expired,1,3.88,0.0979,0.0112,0.0485,1,0,0,CARD_DECLINE
txn_000223_9f4c5c,merchant_022,6239.82,2026-08-07T19:24:54,wallet,service_unavailable,1,8.19,0.6479,0.4217,0.4615,5,0,0,INFRASTRUCTURE
txn_000163_d1ce9a,merchant_008,868.28,2026-08-07T19:50:34,wallet,internal_error,0,3.92,0.4822,0.2374,0.4729,4,0,0,INFRASTRUCTURE
txn_000671_349a50,merchant_003,3077.09,2026-08-07T19:53:47,card,internal_error,1,4.53,0.1434,0.426,0.293,7,1,0,INFRASTRUCTURE
txn_000894_f783ce,merchant_002,240.62,2026-08-07T20:13:05,upi,invalid_card,2,0.34,0.0,0.0162,0.1232,1,7,0,CARD_DECLINE
txn_001033_b22634,merchant_005,4636.27,2026-08-07T20:40:52,upi,insufficient_funds,1,0.54,0.0879,0.074,0.0379,3,1,0,INSUFFICIENT_FUNDS
txn_000855_fa4863,merchant_012,1377.1,2026-08-07T22:20:05,netbanking,gateway_timeout,0,8.88,0.3784,0.2595,0.5851,6,1,0,INFRASTRUCTURE
txn_001222_a22b6f,merchant_006,1103.71,2026-08-07T22:29:40,wallet,internal_error,1,1.68,0.3899,0.684,0.507,2,0,0,INFRASTRUCTURE
txn_000166_660430,merchant_034,366.5,2026-08-07T23:13:28,upi,internal_error,0,7.16,0.5773,0.4942,0.5845,5,0,0,INFRASTRUCTURE
txn_000324_8eca87,merchant_032,200.21,2026-08-07T23:23:14,upi,otp_timeout,0,1.21,0.1288,0.1185,0.0366,5,0,0,OTP_TIMEOUT
txn_000818_55ac61,merchant_031,1376.61,2026-08-07T23:59:22,netbanking,insufficient_funds,0,0.67,0.1004,0.088,0.0946,0,2,0,INSUFFICIENT_FUNDS
txn_000819_5cfb9c,merchant_011,151.7,2026-08-08T00:10:02,upi,issuer_declined,1,0.34,0.0,0.1556,0.017,3,2,0,CARD_DECLINE
txn_001493_291d51,merchant_039,2596.11,2026-08-08T00:14:53,netbanking,otp_timeout,1,0.93,0.0637,0.0582,0.049,8,1,0,OTP_TIMEOUT
txn_000014_8c685e,merchant_020,2155.36,2026-08-08T00:27:32,card,invalid_card,1,1.0,0.0,0.0235,0.095,2,3,0,CARD_DECLINE
txn_001216_f2f0ff,merchant_039,232.32,2026-08-08T00:30:10,card,user_cancelled,0,2.51,0.0374,0.0,0.1081,7,0,0,USER_ABANDONMENT
txn_000235_bdbf89,merchant_007,1260.51,2026-08-08T00:34:09,netbanking,invalid_card,2,0.54,0.0011,0.1009,0.064,0,2,0,CARD_DECLINE
txn_000499_4fc961,merchant_009,2546.85,2026-08-08T01:08:28,card,invalid_card,1,0.03,0.0,0.0775,0.0087,3,1,0,CARD_DECLINE
txn_000876_8caf31,merchant_022,12970.13,2026-08-08T02:14:29,upi,gateway_timeout,1,9.55,0.4272,0.3449,0.3803,1,2,0,INFRASTRUCTURE
txn_000348_dafbb1,merchant_015,394.78,2026-08-08T02:41:12,netbanking,internal_error,1,7.29,0.3862,0.2346,0.632,6,1,0,INFRASTRUCTURE
txn_000882_e27aae,merchant_018,7463.8,2026-08-08T04:06:14,upi,user_cancelled,0,0.2,0.0756,0.015,0.0,5,1,0,USER_ABANDONMENT
txn_000901_f5724e,merchant_002,2015.84,2026-08-08T04:13:34,card,gateway_timeout,1,11.16,0.2293,0.3366,0.454,3,1,0,INFRASTRUCTURE
txn_000055_60eb73,merchant_026,1892.08,2026-08-08T04:34:17,wallet,otp_timeout,1,1.45,0.0933,0.0704,0.0552,4,0,0,OTP_TIMEOUT
txn_001464_0b3696,merchant_025,212.03,2026-08-08T04:40:34,upi,otp_timeout,0,4.76,0.129,0.0203,0.0401,8,0,0,OTP_TIMEOUT
txn_000116_3494cc,merchant_032,4276.99,2026-08-08T04:41:44,wallet,insufficient_funds,1,4.02,0.1079,0.1929,0.0522,4,2,0,INSUFFICIENT_FUNDS
txn_001012_423caa,merchant_014,170.02,2026-08-08T05:38:05,card,insufficient_funds,1,0.86,0.03,0.0,0.0692,1,1,0,INSUFFICIENT_FUNDS
txn_000261_4bed05,merchant_017,9180.04,2026-08-08T05:45:43,card,insufficient_funds,1,0.65,0.0473,0.0779,0.0576,2,2,0,INSUFFICIENT_FUNDS
txn_000564_413b63,merchant_003,2630.66,2026-08-08T05:46:34,netbanking,invalid_card,0,0.83,0.1367,0.0818,0.0187,0,2,0,CARD_DECLINE
txn_000521_fc1eb4,merchant_004,251.39,2026-08-08T05:51:26,wallet,user_cancelled,0,6.06,0.0384,0.042,0.1793,4,0,0,USER_ABANDONMENT
txn_000704_451d8b,merchant_026,918.06,2026-08-08T06:15:08,upi,gateway_timeout,0,16.41,0.4928,0.0937,0.0136,1,0,0,WEBHOOK_AMBIGUITY
txn_001022_3c3a1f,merchant_005,594.03,2026-08-08T08:04:48,card,invalid_card,0,0.59,0.0881,0.0329,0.0455,2,5,1,CARD_DECLINE
txn_001367_74a4c0,merchant_023,2900.37,2026-08-08T08:28:32,wallet,insufficient_funds,0,0.16,0.1259,0.0701,0.1658,1,5,0,INSUFFICIENT_FUNDS
txn_001385_2560d4,merchant_039,1093.09,2026-08-08T09:32:26,wallet,invalid_card,2,2.2,0.0704,0.0385,0.013,1,2,0,CARD_DECLINE
txn_001487_4df1d6,merchant_032,9075.67,2026-08-08T09:51:45,netbanking,otp_timeout,0,0.86,0.0725,0.0,0.0474,6,0,0,OTP_TIMEOUT
txn_000734_269500,merchant_035,12158.75,2026-08-08T10:10:26,wallet,unknown,1,6.43,0.2294,0.1158,0.356,4,0,0,WEBHOOK_AMBIGUITY
txn_000368_6889ce,merchant_018,266.6,2026-08-08T10:14:04,card,gateway_timeout,1,0.04,0.4256,0.2987,0.2855,6,0,0,WEBHOOK_AMBIGUITY
txn_000843_fb4fa1,merchant_019,3157.67,2026-08-08T10:17:27,upi,service_unavailable,1,5.51,0.5446,0.1323,0.4925,4,1,0,INFRASTRUCTURE
txn_000964_57ea81,merchant_014,1249.53,2026-08-08T10:18:34,netbanking,insufficient_funds,0,0.34,0.0719,0.0489,0.1271,3,2,0,INSUFFICIENT_FUNDS
txn_000287_3a3ce1,merchant_036,662.63,2026-08-08T10:36:00,card,service_unavailable,0,6.74,0.3483,0.3508,0.2455,5,1,0,INFRASTRUCTURE
txn_000553_9ea15a,merchant_016,419.06,2026-08-08T11:23:51,upi,issuer_declined,1,0.92,0.0353,0.0,0.0,0,1,0,CARD_DECLINE
txn_000516_cd8142,merchant_030,898.73,2026-08-08T12:27:21,card,insufficient_funds,0,0.69,0.1066,0.0962,0.0444,2,3,0,INSUFFICIENT_FUNDS
txn_000371_7ea643,merchant_027,1264.04,2026-08-08T12:33:02,netbanking,service_unavailable,0,7.04,0.5248,0.4032,0.3273,4,1,0,INFRASTRUCTURE
txn_001296_b3fce0,merchant_004,1477.35,2026-08-08T13:02:12,wallet,insufficient_funds,1,3.19,0.1589,0.1381,0.101,3,6,0,INSUFFICIENT_FUNDS
txn_001346_cf3fc7,merchant_025,908.18,2026-08-08T13:25:06,netbanking,3ds_auth_failed,1,1.78,0.1863,0.0321,0.0484,3,0,0,OTP_TIMEOUT
txn_001388_ba3ce8,merchant_010,2825.99,2026-08-08T13:41:11,card,session_expired,0,2.34,0.0836,0.0763,0.0612,5,0,0,USER_ABANDONMENT
txn_000022_0bd7d8,merchant_018,254.32,2026-08-08T13:50:04,wallet,unknown,1,2.19,0.3753,0.4799,0.1638,2,0,0,WEBHOOK_AMBIGUITY
txn_000567_c93f4b,merchant_009,3451.81,2026-08-08T14:00:16,upi,session_expired,0,0.16,0.1062,0.0409,0.0094,3,0,0,USER_ABANDONMENT
txn_000471_e1de18,merchant_040,3454.91,2026-08-08T14:14:43,upi,internal_error,0,8.74,0.5579,0.3998,0.4859,6,0,0,INFRASTRUCTURE
txn_001002_9cd350,merchant_031,783.46,2026-08-08T14:32:14,upi,service_unavailable,0,6.87,0.6108,0.5276,0.2885,5,0,0,INFRASTRUCTURE
txn_000667_269896,merchant_016,1340.34,2026-08-08T14:35:07,card,session_expired,0,3.44,0.023,0.0174,0.0,3,0,0,USER_ABANDONMENT
txn_000716_3bd367,merchant_008,4383.01,2026-08-08T14:42:17,card,user_cancelled,0,0.33,0.0939,0.0402,0.0981,7,2,0,USER_ABANDONMENT
txn_000335_e95037,merchant_005,1131.69,2026-08-08T15:39:44,card,gateway_timeout,0,1.47,0.4487,0.6825,0.8247,3,0,0,INFRASTRUCTURE
txn_000612_66020a,merchant_014,1755.57,2026-08-08T15:55:06,card,issuer_declined,1,0.48,0.0036,0.0,0.0511,2,1,0,CARD_DECLINE
txn_001258_0d4fc5,merchant_027,1582.1,2026-08-08T16:23:17,card,unknown,0,24.26,0.4084,0.2964,0.2168,7,0,0,WEBHOOK_AMBIGUITY
txn_001482_385b5c,merchant_004,6379.44,2026-08-08T16:30:11,wallet,card_expired,2,1.87,0.0581,0.0629,0.0314,1,3,0,CARD_DECLINE
txn_000057_faf173,merchant_027,980.12,2026-08-08T16:37:59,upi,card_expired,0,3.19,0.0676,0.0883,0.0552,2,1,0,CARD_DECLINE
txn_000839_c1aca5,merchant_025,615.62,2026-08-08T16:51:03,wallet,issuer_declined,0,0.54,0.0605,0.0932,0.0578,2,4,0,CARD_DECLINE
txn_000645_8bd26b,merchant_024,1646.89,2026-08-08T16:51:11,netbanking,internal_error,0,6.15,0.3884,0.4856,0.3811,6,1,0,INFRASTRUCTURE
txn_000813_2590a9,merchant_034,383.95,2026-08-08T17:02:49,wallet,user_cancelled,0,1.01,0.0,0.0,0.0656,9,0,0,USER_ABANDONMENT
txn_000994_c0d7d1,merchant_003,806.27,2026-08-08T17:08:26,card,user_cancelled,0,1.01,0.0559,0.0,0.0,3,2,0,USER_ABANDONMENT
txn_001141_a26252,merchant_040,1375.22,2026-08-08T18:20:06,netbanking,otp_timeout,1,1.16,0.1337,0.1753,0.0896,8,1,0,OTP_TIMEOUT
txn_000380_0207dc,merchant_037,898.52,2026-08-08T18:38:42,netbanking,otp_timeout,0,2.22,0.0809,0.124,0.045,6,0,0,OTP_TIMEOUT
txn_000573_0dcf2d,merchant_034,1254.7,2026-08-08T18:56:39,upi,card_expired,1,0.03,0.0248,0.0889,0.0925,5,5,0,CARD_DECLINE
txn_000858_2df8d6,merchant_009,1400.49,2026-08-08T19:51:07,wallet,unknown,0,2.3,0.0945,0.1419,0.025,5,0,0,WEBHOOK_AMBIGUITY
txn_001403_731a5d,merchant_006,1288.28,2026-08-08T20:12:05,netbanking,3ds_auth_failed,0,4.31,0.1563,0.0908,0.0575,10,0,0,OTP_TIMEOUT
txn_000860_fce3a4,merchant_031,7425.53,2026-08-08T20:56:49,card,unknown,1,18.31,0.0653,0.1913,0.0282,8,0,0,WEBHOOK_AMBIGUITY
txn_000825_5c3ed1,merchant_012,2697.98,2026-08-08T21:12:46,upi,service_unavailable,0,8.44,0.4305,0.3935,0.6068,1,0,0,INFRASTRUCTURE
txn_000297_82f5d5,merchant_032,1206.92,2026-08-08T21:53:51,card,invalid_card,0,3.86,0.0,0.1177,0.0904,6,3,0,CARD_DECLINE
txn_001306_13aaee,merchant_013,1462.25,2026-08-08T22:05:51,wallet,invalid_card,1,0.77,0.0,0.0875,0.0,1,5,0,CARD_DECLINE
txn_000224_81a050,merchant_008,897.28,2026-08-08T22:56:11,card,insufficient_funds,1,1.54,0.0472,0.048,0.1454,1,6,0,INSUFFICIENT_FUNDS
txn_000984_b3ce44,merchant_019,587.83,2026-08-08T23:04:21,upi,3ds_auth_failed,0,1.72,0.2251,0.0,0.0,6,1,0,OTP_TIMEOUT
txn_001233_312b20,merchant_019,326.42,2026-08-08T23:10:42,wallet,insufficient_funds,1,2.08,0.0009,0.0475,0.0763,3,2,0,INSUFFICIENT_FUNDS
txn_000723_3a1e28,merchant_011,25584.82,2026-08-08T23:16:42,upi,card_expired,0,0.29,0.0,0.021,0.0197,3,4,0,CARD_DECLINE
txn_000694_c803b5,merchant_025,205.51,2026-08-08T23:22:51,upi,3ds_auth_failed,1,4.31,0.0005,0.0746,0.1022,6,0,0,OTP_TIMEOUT
txn_000325_f45cb7,merchant_022,768.72,2026-08-08T23:40:33,upi,insufficient_funds,0,2.82,0.0435,0.0694,0.0947,3,2,0,INSUFFICIENT_FUNDS
txn_000196_0924ad,merchant_033,524.54,2026-08-08T23:59:38,card,insufficient_funds,1,1.02,0.1053,0.0336,0.0891,1,3,0,INSUFFICIENT_FUNDS
txn_001102_07d57c,merchant_019,3998.82,2026-08-09T01:14:24,wallet,issuer_declined,2,0.89,0.0082,0.0893,0.0268,1,4,0,CARD_DECLINE
txn_001118_446398,merchant_025,2394.57,2026-08-09T02:43:06,wallet,user_cancelled,0,1.18,0.0322,0.0365,0.0232,5,0,0,USER_ABANDONMENT
txn_001095_5876b1,merchant_015,14260.25,2026-08-09T02:55:52,card,3ds_auth_failed,1,0.64,0.1488,0.0032,0.0385,4,2,0,OTP_TIMEOUT
txn_000273_ca5151,merchant_020,761.21,2026-08-09T03:14:45,netbanking,issuer_declined,1,4.18,0.0675,0.0923,0.033,2,1,0,CARD_DECLINE
txn_000648_23005d,merchant_012,4738.52,2026-08-09T03:27:08,upi,otp_timeout,0,4.09,0.064,0.0591,0.0931,1,0,0,OTP_TIMEOUT
txn_000557_d99262,merchant_021,480.27,2026-08-09T03:35:36,upi,gateway_timeout,0,4.62,0.1763,0.127,0.0931,7,1,0,WEBHOOK_AMBIGUITY
txn_000541_6c333f,merchant_038,3102.73,2026-08-09T03:45:47,upi,issuer_declined,0,0.34,0.0371,0.0,0.0754,1,0,0,CARD_DECLINE
txn_000168_df485a,merchant_009,1889.71,2026-08-09T04:04:46,wallet,insufficient_funds,1,0.83,0.0,0.0108,0.0256,1,5,0,INSUFFICIENT_FUNDS
txn_000504_7433bc,merchant_007,1351.36,2026-08-09T04:43:56,upi,insufficient_funds,0,0.22,0.0755,0.0,0.0258,1,0,0,INSUFFICIENT_FUNDS
txn_000674_28f830,merchant_003,2882.44,2026-08-09T05:13:36,netbanking,unknown,0,19.52,0.0,0.3052,0.0591,9,0,0,WEBHOOK_AMBIGUITY
txn_000497_68b6dc,merchant_015,418.79,2026-08-09T06:03:55,wallet,insufficient_funds,0,0.76,0.0212,0.0901,0.0941,0,5,0,INSUFFICIENT_FUNDS
txn_000928_b51fe3,merchant_020,256.34,2026-08-09T06:21:24,netbanking,unknown,1,20.5,0.3119,0.1507,0.2705,0,0,0,WEBHOOK_AMBIGUITY
txn_000783_a9bb04,merchant_029,5795.19,2026-08-09T06:33:39,upi,card_expired,2,1.11,0.0543,0.0,0.1001,4,3,0,CARD_DECLINE
txn_000436_b5e4d1,merchant_006,2935.18,2026-08-09T06:42:54,netbanking,insufficient_funds,0,1.25,0.1253,0.0011,0.0325,2,2,1,INSUFFICIENT_FUNDS
txn_000263_a78a1a,merchant_028,1141.53,2026-08-09T07:08:27,upi,otp_timeout,1,3.12,0.0,0.0,0.002,6,1,0,OTP_TIMEOUT
txn_001314_1f4f28,merchant_009,1641.69,2026-08-09T07:12:10,wallet,card_expired,1,4.01,0.0226,0.0,0.0707,2,0,0,CARD_DECLINE
txn_000343_151c79,merchant_020,553.52,2026-08-09T07:27:59,wallet,gateway_timeout,0,6.63,0.7522,0.4608,0.5002,4,0,0,INFRASTRUCTURE
txn_001351_7ca271,merchant_002,265.57,2026-08-09T07:40:02,wallet,gateway_timeout,0,1.18,0.5292,0.3172,0.4444,7,0,0,INFRASTRUCTURE
txn_000657_6b5e51,merchant_011,404.28,2026-08-09T07:55:49,upi,session_expired,0,4.45,0.0738,0.0175,0.0959,2,1,0,USER_ABANDONMENT
txn_000683_cfa604,merchant_036,2047.21,2026-08-09T08:08:33,card,3ds_auth_failed,0,0.27,0.0231,0.0289,0.0448,7,1,0,OTP_TIMEOUT
txn_000255_ec2458,merchant_021,4230.56,2026-08-09T08:16:39,netbanking,gateway_timeout,0,23.49,0.0038,0.3077,0.0299,4,1,0,WEBHOOK_AMBIGUITY
txn_000250_a73081,merchant_029,688.66,2026-08-09T08:19:36,card,gateway_timeout,1,9.64,0.1903,0.6778,0.3895,3,2,0,INFRASTRUCTURE
txn_000528_9866a4,merchant_040,6044.14,2026-08-09T08:28:01,wallet,3ds_auth_failed,0,1.54,0.2275,0.0694,0.0358,2,0,0,OTP_TIMEOUT
txn_001470_865729,merchant_004,1926.69,2026-08-09T08:40:33,wallet,issuer_declined,0,1.56,0.018,0.0,0.1043,1,3,0,CARD_DECLINE
txn_000092_3ce2af,merchant_005,286.77,2026-08-09T09:11:39,upi,gateway_timeout,1,7.04,0.0804,0.6767,0.464,9,1,0,INFRASTRUCTURE
txn_001412_13bbfb,merchant_031,1101.47,2026-08-09T09:15:33,card,card_expired,0,0.28,0.0288,0.0511,0.0908,2,4,0,CARD_DECLINE
txn_000805_ca1dca,merchant_006,708.29,2026-08-09T09:44:41,card,otp_timeout,0,1.43,0.0408,0.0225,0.0267,1,0,0,OTP_TIMEOUT
txn_000629_22e228,merchant_007,664.59,2026-08-09T09:50:06,netbanking,gateway_timeout,1,13.48,0.8828,0.4993,0.0,4,1,0,INFRASTRUCTURE
txn_001169_e9d560,merchant_014,2317.65,2026-08-09T09:56:05,card,gateway_timeout,1,10.56,0.655,0.3715,0.3186,5,1,0,INFRASTRUCTURE
txn_000159_e7a693,merchant_016,2723.74,2026-08-09T10:15:30,card,gateway_timeout,1,1.32,0.1959,0.3948,0.5315,6,1,0,INFRASTRUCTURE
txn_001304_cd807c,merchant_025,1027.16,2026-08-09T10:19:07,netbanking,unknown,0,1.02,0.0808,0.2725,0.1133,5,1,0,WEBHOOK_AMBIGUITY
txn_001098_304ee4,merchant_012,7048.0,2026-08-09T10:52:49,upi,invalid_card,1,0.31,0.0377,0.0,0.13,1,1,0,CARD_DECLINE
txn_000992_fb5024,merchant_015,6247.28,2026-08-09T11:00:10,wallet,invalid_card,2,0.53,0.0829,0.0447,0.0703,0,6,0,CARD_DECLINE
txn_000806_e22f78,merchant_032,2266.64,2026-08-09T11:01:51,wallet,insufficient_funds,0,2.03,0.0794,0.0246,0.0427,2,2,0,INSUFFICIENT_FUNDS
txn_000088_a4c78d,merchant_011,1162.2,2026-08-09T11:03:04,netbanking,3ds_auth_failed,0,0.65,0.072,0.0886,0.0442,5,0,0,OTP_TIMEOUT
txn_000299_26a945,merchant_005,13002.25,2026-08-09T11:04:36,card,service_unavailable,0,6.85,0.6599,0.2378,0.4809,2,0,0,INFRASTRUCTURE
txn_000939_7ecd20,merchant_002,2310.32,2026-08-09T11:19:45,netbanking,unknown,0,7.58,0.4611,0.2377,0.0205,5,0,0,WEBHOOK_AMBIGUITY
txn_000979_23b53b,merchant_029,1211.26,2026-08-09T11:24:28,netbanking,card_expired,2,8.86,0.088,0.0117,0.0189,3,1,0,CARD_DECLINE
txn_000647_69fc09,merchant_035,2462.46,2026-08-09T11:28:08,upi,issuer_declined,2,1.05,0.1018,0.0725,0.0123,2,3,0,CARD_DECLINE
txn_000501_e35c05,merchant_030,2905.63,2026-08-09T11:52:14,card,insufficient_funds,1,6.78,0.0595,0.1,0.03,5,3,0,INSUFFICIENT_FUNDS
txn_001014_aadf37,merchant_017,1136.79,2026-08-09T12:46:41,card,insufficient_funds,1,0.03,0.0084,0.0957,0.066,0,2,0,INSUFFICIENT_FUNDS
txn_001193_aedb09,merchant_001,337.17,2026-08-09T12:53:53,wallet,session_expired,0,0.9,0.0586,0.0,0.0513,3,2,0,USER_ABANDONMENT
txn_000258_bc88da,merchant_007,660.18,2026-08-09T13:18:56,netbanking,session_expired,0,0.29,0.009,0.0997,0.0225,5,1,0,USER_ABANDONMENT
txn_001181_0ff4a3,merchant_030,208.97,2026-08-09T13:37:11,upi,unknown,0,17.91,0.1958,0.2546,0.0707,5,2,0,WEBHOOK_AMBIGUITY
txn_000004_8944df,merchant_004,397.25,2026-08-09T13:53:54,card,invalid_card,1,5.11,0.004,0.0749,0.0776,3,0,0,CARD_DECLINE
txn_000580_f9f82a,merchant_010,244.86,2026-08-09T14:06:36,wallet,insufficient_funds,0,11.45,0.0259,0.051,0.0565,2,2,0,INSUFFICIENT_FUNDS
txn_000418_a364da,merchant_013,1845.38,2026-08-09T14:34:28,upi,session_expired,0,4.25,0.0509,0.0592,0.1622,11,3,0,USER_ABANDONMENT
txn_000002_f84961,merchant_032,298.01,2026-08-09T15:04:06,wallet,unknown,0,16.54,0.0856,0.3089,0.2198,6,0,0,WEBHOOK_AMBIGUITY
txn_000756_bddb05,merchant_023,24157.64,2026-08-09T15:13:29,card,session_expired,0,0.9,0.0765,0.0,0.0281,6,1,0,USER_ABANDONMENT
txn_001016_ad7663,merchant_027,229.14,2026-08-09T15:15:24,wallet,otp_timeout,1,0.52,0.21,0.0112,0.1178,5,0,0,OTP_TIMEOUT
txn_000065_4035c6,merchant_008,7481.95,2026-08-09T15:26:29,upi,invalid_card,0,0.4,0.0228,0.0507,0.0689,2,3,0,CARD_DECLINE
txn_000233_ff7dc6,merchant_031,757.76,2026-08-09T15:38:38,card,service_unavailable,1,3.75,0.5583,0.3242,0.6688,5,0,0,INFRASTRUCTURE
txn_000761_29772a,merchant_003,391.66,2026-08-09T15:48:27,wallet,invalid_card,0,0.65,0.0,0.0,0.0979,1,4,0,CARD_DECLINE
txn_000830_843151,merchant_008,4721.49,2026-08-09T15:50:32,upi,card_expired,2,2.46,0.0,0.0,0.0472,0,4,0,CARD_DECLINE
txn_001391_5ba377,merchant_007,3580.38,2026-08-09T15:58:34,upi,gateway_timeout,1,16.57,0.3267,0.3665,0.0,6,0,0,WEBHOOK_AMBIGUITY
txn_001124_b05c64,merchant_003,1083.23,2026-08-09T16:10:18,wallet,service_unavailable,0,9.41,0.4838,0.2597,0.3418,5,0,0,INFRASTRUCTURE
txn_001424_2b308c,merchant_015,99.02,2026-08-09T16:12:47,wallet,user_cancelled,0,3.79,0.0765,0.0817,0.0644,8,1,0,USER_ABANDONMENT
txn_001382_9836e6,merchant_003,696.55,2026-08-09T17:14:06,card,unknown,1,16.05,0.0678,0.2109,0.3335,4,0,0,WEBHOOK_AMBIGUITY
txn_001158_b3af6b,merchant_005,7901.87,2026-08-09T17:56:35,wallet,invalid_card,1,0.16,0.171,0.0801,0.1335,4,3,0,CARD_DECLINE
txn_000283_479cfe,merchant_019,2348.3,2026-08-09T18:01:02,card,unknown,0,18.53,0.2685,0.1849,0.0,7,1,0,WEBHOOK_AMBIGUITY
txn_000120_f63d06,merchant_013,1333.47,2026-08-09T18:32:33,upi,insufficient_funds,1,2.5,0.0597,0.1603,0.0669,4,2,0,INSUFFICIENT_FUNDS
txn_001459_0e7229,merchant_036,384.62,2026-08-09T19:06:42,wallet,otp_timeout,1,0.06,0.142,0.0965,0.0721,4,0,0,OTP_TIMEOUT
txn_001303_3b5ca4,merchant_025,1626.39,2026-08-09T19:09:10,upi,issuer_declined,2,0.12,0.1293,0.0748,0.0534,3,2,0,CARD_DECLINE
txn_000700_4bc957,merchant_007,5533.17,2026-08-09T19:19:10,wallet,internal_error,0,0.3,0.792,0.4384,0.7418,6,1,0,INFRASTRUCTURE
txn_001416_6e91af,merchant_014,2016.49,2026-08-09T19:23:14,upi,3ds_auth_failed,0,2.92,0.118,0.0,0.0294,7,0,0,OTP_TIMEOUT
txn_001354_606586,merchant_034,2081.59,2026-08-09T19:25:59,card,otp_timeout,0,1.78,0.1026,0.0,0.0516,12,0,0,OTP_TIMEOUT
txn_000126_fc473d,merchant_030,652.57,2026-08-09T19:47:31,card,issuer_declined,0,0.14,0.1291,0.0038,0.0484,3,2,0,CARD_DECLINE
txn_001236_cef1d4,merchant_009,2988.95,2026-08-09T20:30:37,wallet,insufficient_funds,0,7.27,0.0231,0.0,0.0454,4,2,0,INSUFFICIENT_FUNDS
txn_000207_6f6a23,merchant_006,6438.28,2026-08-09T20:31:02,wallet,invalid_card,1,0.58,0.1096,0.0149,0.0394,6,6,0,CARD_DECLINE
txn_000409_c7d1f0,merchant_005,296.76,2026-08-09T20:43:44,upi,issuer_declined,2,0.57,0.0536,0.1092,0.0332,3,2,0,CARD_DECLINE
txn_000357_2ed63d,merchant_034,1774.29,2026-08-09T21:30:31,upi,invalid_card,2,3.83,0.0469,0.0234,0.0891,2,4,0,CARD_DECLINE
txn_001142_6204d2,merchant_021,336.33,2026-08-09T22:09:58,wallet,insufficient_funds,1,6.36,0.058,0.0606,0.0323,3,3,0,INSUFFICIENT_FUNDS
txn_001071_6dcc34,merchant_035,265.34,2026-08-09T22:15:03,upi,gateway_timeout,0,9.97,0.3572,0.2227,0.291,5,0,0,WEBHOOK_AMBIGUITY
txn_000438_4dfc08,merchant_016,2167.56,2026-08-09T22:31:47,card,card_expired,0,0.33,0.0777,0.0,0.0476,1,3,0,CARD_DECLINE
txn_000101_730e3e,merchant_014,1785.04,2026-08-09T22:41:39,upi,service_unavailable,0,2.76,0.3914,0.3505,0.3658,7,3,0,INFRASTRUCTURE
txn_001200_a23068,merchant_015,843.69,2026-08-09T22:57:54,netbanking,service_unavailable,1,2.84,0.5185,0.3867,0.2227,9,1,0,INFRASTRUCTURE
txn_001282_9899dd,merchant_003,350.6,2026-08-09T23:19:09,card,gateway_timeout,1,2.59,0.6918,0.4933,0.4615,7,0,0,INFRASTRUCTURE
txn_000160_fcabbd,merchant_005,556.26,2026-08-09T23:28:26,card,service_unavailable,1,6.99,0.3841,0.2348,0.3381,4,2,0,INFRASTRUCTURE
txn_000365_7f8a72,merchant_014,1404.6,2026-08-09T23:40:06,netbanking,gateway_timeout,0,16.85,0.3446,0.2545,0.0652,4,1,0,WEBHOOK_AMBIGUITY
txn_000883_a0417d,merchant_025,643.8,2026-08-09T23:40:16,upi,otp_timeout,1,3.25,0.0,0.0408,0.0656,1,1,0,OTP_TIMEOUT
txn_000131_7b3e1b,merchant_001,862.04,2026-08-09T23:41:48,netbanking,insufficient_funds,0,1.92,0.107,0.0506,0.0707,1,3,0,INSUFFICIENT_FUNDS
txn_000784_cda5af,merchant_012,906.51,2026-08-09T23:58:44,card,insufficient_funds,1,3.64,0.004,0.0691,0.1049,0,2,0,INSUFFICIENT_FUNDS
txn_001215_57a4a1,merchant_016,1467.46,2026-08-10T00:17:52,upi,insufficient_funds,0,2.54,0.1261,0.0575,0.0265,1,1,0,INSUFFICIENT_FUNDS
txn_000904_3cbe9a,merchant_033,926.99,2026-08-10T00:20:45,netbanking,internal_error,0,5.77,0.707,0.5777,0.4436,10,0,0,INFRASTRUCTURE
txn_000306_1bd716,merchant_001,448.65,2026-08-10T00:25:45,netbanking,card_expired,2,0.51,0.081,0.0719,0.0734,3,3,0,CARD_DECLINE
txn_001028_a5deab,merchant_033,3551.37,2026-08-10T00:45:58,upi,internal_error,0,3.27,0.6691,0.4,0.3731,10,1,0,INFRASTRUCTURE
txn_000868_2d4a68,merchant_032,2874.84,2026-08-10T00:59:06,card,internal_error,1,1.75,0.4701,0.4128,0.6308,3,0,0,INFRASTRUCTURE
txn_000265_f4d260,merchant_011,6329.65,2026-08-10T01:01:38,wallet,issuer_declined,0,3.81,0.0783,0.0153,0.0818,1,2,0,CARD_DECLINE
txn_000208_d58e2a,merchant_002,1145.81,2026-08-10T01:24:18,card,user_cancelled,0,2.91,0.0,0.0,0.0464,8,0,0,USER_ABANDONMENT
txn_000018_684fe4,merchant_021,1599.49,2026-08-10T02:32:37,netbanking,internal_error,0,7.48,0.5054,0.3284,0.3844,8,1,0,INFRASTRUCTURE
txn_000032_e4fba1,merchant_014,2260.95,2026-08-10T02:37:28,wallet,gateway_timeout,0,0.74,0.356,0.5497,0.0,5,0,0,INFRASTRUCTURE
txn_000740_4039d3,merchant_031,3539.19,2026-08-10T03:13:31,netbanking,insufficient_funds,0,2.18,0.0314,0.0257,0.1106,2,1,0,INSUFFICIENT_FUNDS
txn_001420_e44ae2,merchant_034,934.07,2026-08-10T03:14:18,upi,session_expired,0,3.41,0.0,0.0302,0.056,3,0,0,USER_ABANDONMENT
txn_000226_fc0fa8,merchant_023,372.92,2026-08-10T03:26:21,wallet,3ds_auth_failed,1,1.03,0.0052,0.0189,0.0676,5,0,0,OTP_TIMEOUT
txn_001197_fa75ec,merchant_033,977.18,2026-08-10T04:08:18,netbanking,insufficient_funds,1,1.58,0.0,0.1017,0.0782,3,3,0,INSUFFICIENT_FUNDS
txn_001288_8b35f1,merchant_024,309.44,2026-08-10T04:51:33,wallet,insufficient_funds,0,2.33,0.0,0.0,0.0,1,1,0,INSUFFICIENT_FUNDS
txn_000279_32b5ea,merchant_013,513.74,2026-08-10T05:33:07,upi,otp_timeout,1,0.15,0.1135,0.0414,0.0724,9,1,0,OTP_TIMEOUT
txn_001436_8f5a86,merchant_018,3299.08,2026-08-10T05:37:16,card,insufficient_funds,0,0.42,0.0377,0.0293,0.0,1,4,0,INSUFFICIENT_FUNDS
txn_001271_04bf59,merchant_030,1308.54,2026-08-10T05:48:06,wallet,gateway_timeout,0,21.29,0.511,0.085,0.2001,2,0,0,WEBHOOK_AMBIGUITY
txn_000446_f49af7,merchant_023,1685.17,2026-08-10T05:50:38,netbanking,gateway_timeout,0,1.69,0.3785,0.0848,0.0074,2,1,0,WEBHOOK_AMBIGUITY
txn_000426_03e211,merchant_002,5958.28,2026-08-10T05:56:20,netbanking,insufficient_funds,1,0.56,0.0567,0.0835,0.0565,2,5,0,INSUFFICIENT_FUNDS
txn_001085_55b359,merchant_019,734.59,2026-08-10T06:08:10,netbanking,insufficient_funds,1,1.16,0.0695,0.0151,0.0808,0,1,0,INSUFFICIENT_FUNDS
txn_001017_c9a15d,merchant_023,1480.4,2026-08-10T06:12:51,upi,insufficient_funds,1,1.49,0.1436,0.0413,0.1334,0,4,0,INSUFFICIENT_FUNDS
txn_000086_9bf88e,merchant_003,532.03,2026-08-10T06:17:44,wallet,otp_timeout,1,1.03,0.0,0.0288,0.0979,5,0,1,OTP_TIMEOUT
txn_001365_507182,merchant_003,1856.82,2026-08-10T07:36:00,wallet,session_expired,0,7.85,0.0786,0.055,0.0,1,1,0,USER_ABANDONMENT
txn_000628_4c822e,merchant_014,2318.25,2026-08-10T07:46:55,card,insufficient_funds,0,2.36,0.1062,0.1149,0.0552,1,3,0,INSUFFICIENT_FUNDS
txn_001109_848472,merchant_036,982.48,2026-08-10T07:55:06,netbanking,otp_timeout,0,0.29,0.1819,0.0727,0.0,5,0,0,OTP_TIMEOUT
txn_000777_ca359a,merchant_003,693.87,2026-08-10T08:44:00,netbanking,user_cancelled,0,5.55,0.0598,0.0952,0.0487,6,2,0,USER_ABANDONMENT
txn_001362_58480a,merchant_019,290.93,2026-08-10T08:58:10,upi,invalid_card,2,1.23,0.0704,0.036,0.0434,2,3,0,CARD_DECLINE
txn_000597_3ec3ce,merchant_001,356.04,2026-08-10T08:59:46,card,service_unavailable,0,10.25,0.3428,0.6016,0.2889,5,0,0,INFRASTRUCTURE
txn_000977_0c4b63,merchant_010,608.95,2026-08-10T09:21:58,netbanking,insufficient_funds,0,0.58,0.0385,0.1829,0.0719,3,4,0,INSUFFICIENT_FUNDS
txn_001301_1bf79a,merchant_019,235.99,2026-08-10T09:35:52,card,insufficient_funds,0,3.46,0.0,0.0686,0.0299,1,5,0,INSUFFICIENT_FUNDS
txn_000428_353e6e,merchant_029,1468.78,2026-08-10T10:13:01,upi,insufficient_funds,0,2.72,0.1488,0.0022,0.0547,1,5,0,INSUFFICIENT_FUNDS
txn_000793_90d542,merchant_019,6818.54,2026-08-10T10:35:58,wallet,gateway_timeout,1,5.41,0.418,0.308,0.738,12,1,0,INFRASTRUCTURE
txn_000899_4344bb,merchant_016,1644.17,2026-08-10T10:36:12,wallet,unknown,0,4.52,0.0557,0.2924,0.1557,5,0,0,WEBHOOK_AMBIGUITY
txn_000053_1d367f,merchant_039,5333.9,2026-08-10T10:43:44,card,3ds_auth_failed,0,1.29,0.1388,0.1218,0.1045,7,0,0,OTP_TIMEOUT
txn_001063_7d45fb,merchant_026,14211.74,2026-08-10T11:14:13,card,card_expired,1,2.42,0.0848,0.1016,0.0128,1,4,0,CARD_DECLINE
txn_001452_ec0a99,merchant_009,6207.43,2026-08-10T12:00:19,card,user_cancelled,0,0.3,0.0,0.0741,0.048,5,0,0,USER_ABANDONMENT
txn_000222_c2342c,merchant_011,3933.14,2026-08-10T12:24:31,netbanking,internal_error,0,5.3,0.2123,0.0145,0.4603,3,0,0,INFRASTRUCTURE
txn_000346_267b15,merchant_034,3326.45,2026-08-10T12:27:22,wallet,gateway_timeout,1,0.14,0.62,0.3362,0.437,4,0,0,INFRASTRUCTURE
txn_000242_6728c7,merchant_022,2040.59,2026-08-10T12:56:57,wallet,session_expired,0,0.84,0.0608,0.075,0.1086,5,1,0,USER_ABANDONMENT
txn_000632_dc9853,merchant_017,324.83,2026-08-10T13:00:03,wallet,insufficient_funds,0,0.9,0.0,0.0326,0.0,2,2,0,INSUFFICIENT_FUNDS
txn_000822_1ed16b,merchant_002,1399.56,2026-08-10T13:50:03,netbanking,user_cancelled,0,1.06,0.0842,0.0591,0.0116,6,1,1,USER_ABANDONMENT
txn_001081_9d29f4,merchant_020,6958.03,2026-08-10T14:13:54,card,insufficient_funds,1,4.61,0.0,0.037,0.095,3,1,0,INSUFFICIENT_FUNDS
txn_000540_72bd0a,merchant_026,5993.04,2026-08-10T14:23:18,card,insufficient_funds,1,2.0,0.1072,0.1851,0.0334,1,2,0,INSUFFICIENT_FUNDS
txn_001401_b5b655,merchant_023,191.63,2026-08-10T14:29:01,netbanking,gateway_timeout,1,8.15,0.5317,0.1937,0.2572,5,0,0,WEBHOOK_AMBIGUITY
txn_000006_3ec60b,merchant_013,8621.0,2026-08-10T14:32:18,upi,3ds_auth_failed,0,1.45,0.108,0.0322,0.0127,5,2,0,OTP_TIMEOUT
txn_000533_a8e115,merchant_021,2456.1,2026-08-10T14:40:24,wallet,user_cancelled,0,2.69,0.0293,0.0011,0.0187,5,5,0,USER_ABANDONMENT
txn_001153_e09d06,merchant_022,1419.53,2026-08-10T15:20:04,card,insufficient_funds,0,0.41,0.0,0.0785,0.1283,3,2,0,INSUFFICIENT_FUNDS
txn_001038_d56b14,merchant_035,504.37,2026-08-10T15:32:09,wallet,invalid_card,1,0.12,0.0013,0.0835,0.0077,1,6,0,CARD_DECLINE
txn_000470_b161bc,merchant_005,882.36,2026-08-10T15:47:29,netbanking,card_expired,1,0.91,0.0351,0.0937,0.0595,5,2,0,CARD_DECLINE
txn_001278_206f3e,merchant_035,3279.2,2026-08-10T15:49:25,netbanking,issuer_declined,0,2.91,0.0,0.0955,0.0,1,7,0,CARD_DECLINE
txn_000236_7447e1,merchant_033,588.31,2026-08-10T16:34:49,netbanking,session_expired,0,0.86,0.0643,0.031,0.0,3,0,0,USER_ABANDONMENT
txn_000145_e57a39,merchant_040,7485.73,2026-08-10T16:53:32,card,service_unavailable,1,1.77,0.0747,0.4833,0.3387,10,0,0,INFRASTRUCTURE
txn_000156_600be2,merchant_031,1497.99,2026-08-10T17:15:02,card,otp_timeout,0,3.5,0.06,0.0418,0.1554,4,0,0,OTP_TIMEOUT
txn_000969_4974d2,merchant_007,8140.59,2026-08-10T17:21:19,upi,insufficient_funds,0,4.1,0.1044,0.0592,0.0496,2,1,0,INSUFFICIENT_FUNDS
txn_000270_cd2454,merchant_015,2061.6,2026-08-10T17:22:32,wallet,internal_error,0,1.14,0.63,0.2102,0.2349,6,1,0,INFRASTRUCTURE
txn_000142_dd46dd,merchant_025,1168.21,2026-08-10T17:42:53,card,otp_timeout,1,3.65,0.1099,0.1261,0.0862,3,2,0,OTP_TIMEOUT
txn_001300_18a371,merchant_011,298.05,2026-08-10T17:45:03,netbanking,insufficient_funds,0,0.72,0.0962,0.0013,0.0699,0,3,0,INSUFFICIENT_FUNDS
txn_001256_6c01f8,merchant_002,4774.43,2026-08-10T18:09:35,netbanking,unknown,1,5.93,0.2374,0.3734,0.0081,9,0,0,WEBHOOK_AMBIGUITY
txn_000277_732ba9,merchant_011,334.63,2026-08-10T18:24:40,wallet,user_cancelled,0,0.38,0.0235,0.0388,0.0738,5,0,0,USER_ABANDONMENT
txn_000981_9351d0,merchant_026,1546.36,2026-08-10T18:51:35,upi,internal_error,0,5.71,0.6217,0.5337,0.4698,6,0,0,INFRASTRUCTURE
txn_000305_33bd1c,merchant_009,595.02,2026-08-10T19:08:34,card,gateway_timeout,1,8.46,0.3638,0.4444,0.6781,2,1,0,INFRASTRUCTURE
txn_000098_e7f2d2,merchant_010,2956.25,2026-08-10T19:41:48,netbanking,session_expired,0,1.5,0.0556,0.0306,0.0703,5,2,0,USER_ABANDONMENT
txn_001055_f14a9b,merchant_028,991.18,2026-08-10T20:08:36,upi,service_unavailable,0,6.55,0.4235,0.5564,0.2326,4,0,0,INFRASTRUCTURE
txn_000344_6ce6aa,merchant_002,836.54,2026-08-10T20:34:06,upi,insufficient_funds,0,1.59,0.0094,0.0,0.0059,0,5,0,INSUFFICIENT_FUNDS
txn_001235_2e3adc,merchant_002,953.69,2026-08-10T20:34:32,netbanking,session_expired,0,1.52,0.1089,0.0,0.0,1,0,0,USER_ABANDONMENT
txn_000510_69d1b6,merchant_017,454.16,2026-08-10T20:44:53,wallet,gateway_timeout,0,11.86,0.5409,0.2146,0.2807,6,1,0,WEBHOOK_AMBIGUITY
txn_001059_834d67,merchant_015,15786.89,2026-08-10T21:52:15,wallet,user_cancelled,0,0.11,0.136,0.1018,0.0,11,1,0,USER_ABANDONMENT
txn_000476_d97ecd,merchant_008,1007.12,2026-08-10T21:52:53,upi,internal_error,1,0.53,0.2263,0.4049,0.7667,2,1,0,INFRASTRUCTURE
txn_000863_26ad21,merchant_011,4201.12,2026-08-10T21:54:14,wallet,card_expired,1,1.44,0.0247,0.0232,0.0,3,4,0,CARD_DECLINE
txn_001360_e9de88,merchant_026,947.2,2026-08-10T22:08:56,wallet,invalid_card,0,1.52,0.0786,0.0532,0.0365,0,3,0,CARD_DECLINE
txn_001068_18fe59,merchant_032,2882.03,2026-08-10T22:18:03,wallet,insufficient_funds,1,3.23,0.0953,0.0883,0.1221,3,1,0,INSUFFICIENT_FUNDS
txn_001130_e9bfa8,merchant_029,4346.76,2026-08-10T22:50:43,netbanking,invalid_card,1,3.26,0.0683,0.0681,0.0574,3,0,0,CARD_DECLINE
txn_001430_6c1723,merchant_003,3585.97,2026-08-10T23:29:24,netbanking,insufficient_funds,0,0.23,0.0466,0.1243,0.0352,2,1,0,INSUFFICIENT_FUNDS
txn_000933_68df77,merchant_038,10185.17,2026-08-10T23:31:56,wallet,insufficient_funds,0,1.55,0.0124,0.0401,0.073,1,1,0,INSUFFICIENT_FUNDS
txn_000172_079015,merchant_022,1361.92,2026-08-10T23:32:06,upi,insufficient_funds,1,1.58,0.0055,0.0254,0.0351,1,2,0,INSUFFICIENT_FUNDS
txn_001295_be3f21,merchant_030,1746.61,2026-08-11T01:30:26,card,internal_error,1,3.7,0.1773,0.508,0.2231,9,0,0,INFRASTRUCTURE
txn_001361_c9dfd1,merchant_033,566.3,2026-08-11T01:36:34,upi,issuer_declined,1,0.98,0.0732,0.0,0.1337,3,5,0,CARD_DECLINE
txn_000108_f646f4,merchant_024,6141.73,2026-08-11T02:25:27,upi,3ds_auth_failed,0,6.75,0.036,0.0341,0.0063,6,0,0,OTP_TIMEOUT
txn_001264_4b1003,merchant_019,5220.68,2026-08-11T02:53:57,upi,internal_error,0,7.12,0.8669,0.2642,0.2124,8,0,0,INFRASTRUCTURE
txn_001483_0e69fd,merchant_001,1665.93,2026-08-11T03:02:57,netbanking,unknown,0,16.13,0.301,0.4007,0.1126,6,0,0,WEBHOOK_AMBIGUITY
txn_000995_156376,merchant_023,2772.13,2026-08-11T03:12:14,netbanking,insufficient_funds,1,3.09,0.0295,0.038,0.0423,1,3,0,INSUFFICIENT_FUNDS
txn_000961_56f387,merchant_012,363.54,2026-08-11T03:28:58,card,insufficient_funds,0,4.73,0.0834,0.0348,0.0596,2,3,1,INSUFFICIENT_FUNDS
txn_000685_a05196,merchant_024,2098.08,2026-08-11T03:32:37,card,card_expired,1,2.62,0.0876,0.0744,0.0,0,2,0,CARD_DECLINE
txn_000067_1d504d,merchant_001,325.7,2026-08-11T05:02:26,upi,card_expired,0,0.87,0.0458,0.0,0.0559,2,0,0,CARD_DECLINE
txn_000870_76ef59,merchant_007,673.08,2026-08-11T05:10:14,wallet,user_cancelled,0,1.74,0.0,0.1086,0.0768,5,1,1,USER_ABANDONMENT
txn_000695_ae5549,merchant_035,460.37,2026-08-11T05:43:17,upi,otp_timeout,0,1.12,0.0549,0.0379,0.0167,3,1,0,OTP_TIMEOUT
txn_000915_567a0a,merchant_009,5617.55,2026-08-11T06:16:11,wallet,session_expired,0,0.42,0.0875,0.0367,0.0441,7,0,0,USER_ABANDONMENT
txn_000627_572243,merchant_017,316.41,2026-08-11T06:39:31,wallet,3ds_auth_failed,1,4.85,0.1196,0.0,0.0501,4,0,0,OTP_TIMEOUT
txn_000408_3dbf4e,merchant_004,670.92,2026-08-11T06:44:22,wallet,user_cancelled,0,2.12,0.0,0.0713,0.0299,3,0,0,USER_ABANDONMENT
txn_000468_b69ad1,merchant_023,268.04,2026-08-11T07:29:40,card,gateway_timeout,0,9.07,0.2074,0.1237,0.1512,5,0,0,WEBHOOK_AMBIGUITY
txn_001257_8b1637,merchant_039,2339.54,2026-08-11T08:02:08,upi,otp_timeout,1,1.28,0.112,0.0357,0.0,3,0,0,OTP_TIMEOUT
txn_001448_e0cdf9,merchant_008,3914.51,2026-08-11T08:54:20,upi,gateway_timeout,0,2.12,0.4281,0.5465,0.3276,8,0,0,INFRASTRUCTURE
txn_001402_7867f7,merchant_017,413.67,2026-08-11T09:22:37,wallet,user_cancelled,0,3.78,0.0798,0.1607,0.0187,6,0,0,USER_ABANDONMENT
txn_000535_9e98d7,merchant_003,25120.16,2026-08-11T10:10:15,upi,user_cancelled,0,1.66,0.0407,0.0,0.0,4,0,0,USER_ABANDONMENT
txn_001183_de7cee,merchant_007,604.38,2026-08-11T10:47:39,upi,session_expired,0,3.99,0.0239,0.0895,0.0995,4,3,0,USER_ABANDONMENT
txn_000616_5a8e2b,merchant_032,349.21,2026-08-11T11:05:20,wallet,issuer_declined,2,3.05,0.0676,0.0603,0.0227,2,1,0,CARD_DECLINE
txn_000641_61aec0,merchant_038,2692.04,2026-08-11T11:24:49,card,session_expired,0,0.42,0.0948,0.0161,0.0452,6,1,0,USER_ABANDONMENT
txn_000433_bce053,merchant_002,2575.11,2026-08-11T11:58:42,card,insufficient_funds,1,0.71,0.0398,0.0187,0.02,1,1,0,INSUFFICIENT_FUNDS
txn_000913_2fdccb,merchant_038,1193.95,2026-08-11T12:29:31,card,internal_error,1,5.9,0.3109,0.4441,0.6827,6,0,0,INFRASTRUCTURE
txn_000769_2b362d,merchant_010,675.47,2026-08-11T12:53:40,wallet,issuer_declined,0,0.83,0.0331,0.0,0.0351,3,0,0,CARD_DECLINE
txn_001270_5c4d92,merchant_026,2974.61,2026-08-11T13:04:59,upi,insufficient_funds,0,2.35,0.1101,0.055,0.0952,1,2,0,INSUFFICIENT_FUNDS
txn_001261_d6535e,merchant_012,1605.47,2026-08-11T13:14:26,netbanking,insufficient_funds,0,0.42,0.1084,0.0,0.0,1,4,0,INSUFFICIENT_FUNDS
txn_001364_9cae18,merchant_007,1275.07,2026-08-11T13:31:31,netbanking,session_expired,0,7.46,0.0,0.1217,0.0565,4,1,0,USER_ABANDONMENT
txn_000345_cbb678,merchant_029,7312.18,2026-08-11T14:21:34,netbanking,internal_error,0,5.19,0.422,0.2739,0.6596,5,0,0,INFRASTRUCTURE
txn_001173_4e4f14,merchant_039,4795.33,2026-08-11T14:21:40,upi,gateway_timeout,0,8.27,0.7291,0.2655,0.5091,5,0,0,INFRASTRUCTURE
txn_000482_47c790,merchant_007,1221.47,2026-08-11T15:08:52,upi,gateway_timeout,0,8.35,0.1983,0.3548,0.5959,9,1,0,INFRASTRUCTURE
txn_000799_96003e,merchant_007,1007.97,2026-08-11T15:23:42,upi,invalid_card,2,5.31,0.0501,0.0682,0.0621,2,1,0,CARD_DECLINE
txn_000941_2458d5,merchant_001,2460.97,2026-08-11T15:37:09,netbanking,user_cancelled,0,2.36,0.0371,0.0,0.0,1,1,0,USER_ABANDONMENT
txn_001395_9b59f1,merchant_017,7554.2,2026-08-11T16:34:34,wallet,3ds_auth_failed,1,0.04,0.0109,0.0629,0.0578,2,2,0,OTP_TIMEOUT
txn_000587_0e2d56,merchant_011,121.58,2026-08-11T16:38:55,card,insufficient_funds,1,2.96,0.026,0.1296,0.0428,4,2,0,INSUFFICIENT_FUNDS
txn_001209_d41695,merchant_022,4625.79,2026-08-11T17:33:11,netbanking,issuer_declined,1,0.17,0.0381,0.0654,0.0696,1,3,0,CARD_DECLINE
txn_000230_874d07,merchant_002,722.5,2026-08-11T17:49:59,wallet,card_expired,1,3.07,0.045,0.07,0.0729,1,3,0,CARD_DECLINE
txn_000821_f87ab6,merchant_019,511.42,2026-08-11T18:00:43,netbanking,unknown,1,17.13,0.232,0.4401,0.2977,3,0,0,WEBHOOK_AMBIGUITY
txn_000874_8ec916,merchant_020,5915.15,2026-08-11T19:08:38,card,user_cancelled,0,0.88,0.0874,0.0417,0.114,5,0,0,USER_ABANDONMENT
txn_000246_e5cda2,merchant_007,1124.55,2026-08-11T19:20:13,upi,gateway_timeout,1,5.38,0.4832,0.2978,0.5068,6,0,0,INFRASTRUCTURE
txn_000045_c1c54a,merchant_027,2290.88,2026-08-11T19:45:40,card,invalid_card,1,0.02,0.087,0.0818,0.0,1,5,1,CARD_DECLINE
txn_001437_2c5757,merchant_040,3573.2,2026-08-11T19:51:16,upi,user_cancelled,0,8.21,0.0751,0.0,0.1046,5,0,0,USER_ABANDONMENT
txn_000229_e1b82a,merchant_022,1218.39,2026-08-11T20:14:15,card,session_expired,0,1.28,0.1599,0.0491,0.043,3,1,0,USER_ABANDONMENT
txn_001377_db94d3,merchant_004,1393.78,2026-08-11T20:26:10,card,insufficient_funds,0,2.04,0.0754,0.1021,0.0313,2,1,0,INSUFFICIENT_FUNDS
txn_000569_9fad81,merchant_026,245.73,2026-08-11T20:41:54,wallet,invalid_card,2,8.83,0.1544,0.0126,0.008,1,2,0,CARD_DECLINE
txn_001478_d69d52,merchant_019,60.87,2026-08-11T20:46:36,card,card_expired,1,2.18,0.0988,0.0052,0.0702,1,1,0,CARD_DECLINE
txn_001319_35641d,merchant_026,276.71,2026-08-11T22:08:17,upi,insufficient_funds,1,2.3,0.0723,0.1047,0.0759,0,0,0,INSUFFICIENT_FUNDS
txn_000957_37260b,merchant_039,319.45,2026-08-11T22:14:45,wallet,session_expired,0,3.53,0.0688,0.0,0.0268,7,0,0,USER_ABANDONMENT
txn_000651_2c2205,merchant_023,5632.24,2026-08-11T22:15:51,wallet,insufficient_funds,1,0.1,0.0736,0.0,0.1054,3,2,0,INSUFFICIENT_FUNDS
txn_001174_945680,merchant_026,4216.76,2026-08-11T23:44:33,upi,user_cancelled,0,2.46,0.0263,0.0773,0.0333,1,0,0,USER_ABANDONMENT
txn_000766_68add7,merchant_018,5273.22,2026-08-11T23:46:59,card,internal_error,0,4.89,0.58,0.3816,0.4708,6,1,0,INFRASTRUCTURE
txn_000539_f3ba3b,merchant_030,601.85,2026-08-12T00:23:53,netbanking,card_expired,0,0.82,0.0441,0.0822,0.0662,2,1,0,CARD_DECLINE
txn_000185_13aaf6,merchant_005,426.16,2026-08-12T00:25:56,netbanking,card_expired,2,3.57,0.0665,0.1306,0.0658,4,0,0,CARD_DECLINE
txn_001249_1bf8cf,merchant_020,1749.4,2026-08-12T01:24:10,netbanking,issuer_declined,2,1.66,0.0239,0.0,0.0371,1,4,0,CARD_DECLINE
txn_001279_7716f3,merchant_001,1606.99,2026-08-12T01:25:38,card,insufficient_funds,1,1.4,0.0136,0.0767,0.1044,2,0,0,INSUFFICIENT_FUNDS
txn_000211_bf24f0,merchant_021,2414.96,2026-08-12T01:57:40,upi,gateway_timeout,0,10.63,0.1786,0.2346,0.1567,3,0,1,WEBHOOK_AMBIGUITY
txn_001140_6e37dc,merchant_015,597.88,2026-08-12T02:17:31,card,unknown,0,20.07,0.1159,0.197,0.0892,7,0,0,WEBHOOK_AMBIGUITY
txn_000274_6456cd,merchant_026,777.13,2026-08-12T02:44:36,netbanking,issuer_declined,2,0.46,0.0534,0.0307,0.0484,3,1,0,CARD_DECLINE
txn_000796_3ceaa7,merchant_003,473.62,2026-08-12T03:03:29,wallet,3ds_auth_failed,1,1.09,0.0252,0.0641,0.0452,3,0,0,OTP_TIMEOUT
txn_000096_f2ea36,merchant_024,1307.03,2026-08-12T03:46:17,wallet,invalid_card,1,8.9,0.0,0.0602,0.0303,2,4,0,CARD_DECLINE
txn_000033_210bfb,merchant_037,1565.96,2026-08-12T03:47:57,wallet,insufficient_funds,1,7.23,0.1518,0.0456,0.0199,2,1,0,INSUFFICIENT_FUNDS
txn_000369_a861a2,merchant_012,1468.24,2026-08-12T03:54:59,upi,internal_error,0,3.85,0.8378,0.0276,0.2549,4,0,0,INFRASTRUCTURE
txn_000386_f4cd45,merchant_002,1691.46,2026-08-12T04:01:22,upi,service_unavailable,0,2.84,0.5861,0.2621,0.4251,5,0,0,INFRASTRUCTURE
txn_000585_2d107b,merchant_007,5316.5,2026-08-12T04:32:08,wallet,issuer_declined,1,1.04,0.0,0.0742,0.0238,3,3,0,CARD_DECLINE
txn_001441_296863,merchant_015,1634.69,2026-08-12T05:07:08,wallet,otp_timeout,0,0.47,0.0585,0.02,0.0747,3,0,0,OTP_TIMEOUT
txn_000451_a6e9c1,merchant_037,231.85,2026-08-12T05:36:00,netbanking,service_unavailable,0,4.67,0.8351,0.3348,0.4405,4,1,0,INFRASTRUCTURE
txn_000997_cb6e32,merchant_021,496.23,2026-08-12T05:38:40,wallet,card_expired,2,0.37,0.0,0.0311,0.0763,3,4,0,CARD_DECLINE
txn_000714_2dc4de,merchant_008,4911.44,2026-08-12T05:49:25,wallet,session_expired,0,2.54,0.0765,0.1515,0.0949,3,0,0,USER_ABANDONMENT
txn_000389_2b499d,merchant_003,1149.41,2026-08-12T06:13:01,wallet,insufficient_funds,1,0.49,0.0382,0.0291,0.0,1,2,0,INSUFFICIENT_FUNDS
txn_000797_57a861,merchant_036,4804.31,2026-08-12T08:06:45,upi,insufficient_funds,1,4.9,0.1145,0.0307,0.0691,1,1,0,INSUFFICIENT_FUNDS
txn_000326_2e1a9d,merchant_011,1785.92,2026-08-12T08:13:52,netbanking,user_cancelled,0,1.89,0.0566,0.0256,0.0458,4,0,0,USER_ABANDONMENT
txn_000937_2de6eb,merchant_007,11416.5,2026-08-12T08:28:24,card,insufficient_funds,0,5.25,0.0,0.0014,0.0375,1,5,0,INSUFFICIENT_FUNDS
txn_000712_2f3377,merchant_021,4842.49,2026-08-12T08:59:46,netbanking,card_expired,1,0.31,0.1302,0.0,0.0391,1,4,0,CARD_DECLINE
txn_000407_3dfe85,merchant_012,112.63,2026-08-12T09:12:35,card,gateway_timeout,0,19.16,0.1086,0.0718,0.1746,3,0,0,WEBHOOK_AMBIGUITY
txn_000111_7246fa,merchant_031,1531.73,2026-08-12T09:20:22,upi,gateway_timeout,0,5.77,0.5144,0.633,0.1895,1,0,0,INFRASTRUCTURE
txn_000560_2fef54,merchant_036,7944.2,2026-08-12T09:29:19,wallet,issuer_declined,0,0.12,0.1217,0.0,0.0505,0,2,0,CARD_DECLINE
txn_001171_6e2853,merchant_017,2877.37,2026-08-12T09:36:09,netbanking,user_cancelled,0,0.2,0.0475,0.0638,0.1161,5,0,0,USER_ABANDONMENT
txn_001182_9085fd,merchant_032,847.43,2026-08-12T09:53:47,netbanking,service_unavailable,0,4.35,0.177,0.2429,0.3871,6,0,0,INFRASTRUCTURE
txn_000623_3e9675,merchant_011,2017.62,2026-08-12T10:01:29,netbanking,session_expired,0,2.63,0.1019,0.1101,0.0,6,0,0,USER_ABANDONMENT
txn_000661_1fc158,merchant_012,414.81,2026-08-12T10:23:38,wallet,insufficient_funds,1,0.22,0.0284,0.0533,0.0463,0,2,0,INSUFFICIENT_FUNDS
txn_001008_3341ad,merchant_006,1856.4,2026-08-12T10:23:51,wallet,user_cancelled,0,2.74,0.0204,0.0,0.0942,8,1,0,USER_ABANDONMENT
txn_001138_c49212,merchant_035,4814.52,2026-08-12T10:29:17,netbanking,insufficient_funds,0,3.41,0.0125,0.0102,0.0697,1,4,0,INSUFFICIENT_FUNDS
txn_000814_7d230c,merchant_035,3944.25,2026-08-12T10:30:24,card,gateway_timeout,1,7.01,0.372,0.4509,0.579,6,1,0,INFRASTRUCTURE
txn_000838_5e60f5,merchant_032,4591.9,2026-08-12T10:34:01,card,insufficient_funds,1,2.99,0.0377,0.0,0.0583,2,5,0,INSUFFICIENT_FUNDS
txn_000953_36ca7e,merchant_017,1944.66,2026-08-12T11:01:00,netbanking,user_cancelled,0,4.23,0.0988,0.047,0.0995,4,0,0,USER_ABANDONMENT
txn_001446_f3e915,merchant_007,4708.3,2026-08-12T11:26:22,card,service_unavailable,0,6.64,0.3902,0.3402,0.3593,8,1,0,INFRASTRUCTURE
txn_001034_be2c3e,merchant_020,850.88,2026-08-12T11:32:41,upi,gateway_timeout,0,17.62,0.4366,0.3172,0.1448,6,1,0,WEBHOOK_AMBIGUITY
txn_000403_a5e478,merchant_028,2413.5,2026-08-12T11:35:44,wallet,session_expired,0,0.07,0.0887,0.0832,0.1216,1,0,0,USER_ABANDONMENT
txn_000029_c4dcb4,merchant_003,4884.47,2026-08-12T11:42:21,card,otp_timeout,1,6.26,0.1096,0.081,0.0926,9,0,0,OTP_TIMEOUT
txn_000554_c5e00c,merchant_008,1513.26,2026-08-12T12:17:45,wallet,gateway_timeout,0,3.91,0.7894,0.418,0.4458,4,0,0,INFRASTRUCTURE
txn_000484_480afe,merchant_006,3064.5,2026-08-12T12:29:46,upi,insufficient_funds,0,0.55,0.0,0.0407,0.0572,1,1,0,INSUFFICIENT_FUNDS
txn_000951_3be6bb,merchant_035,1121.44,2026-08-12T12:31:53,netbanking,gateway_timeout,1,10.33,0.5709,0.1437,0.2034,5,0,0,WEBHOOK_AMBIGUITY
txn_000188_3cb759,merchant_020,3486.71,2026-08-12T12:41:05,netbanking,insufficient_funds,0,0.64,0.0413,0.0569,0.0845,1,1,1,INSUFFICIENT_FUNDS
txn_001413_6037af,merchant_030,726.21,2026-08-12T12:53:48,card,service_unavailable,1,5.08,0.2968,0.2987,0.1939,5,0,0,INFRASTRUCTURE
txn_000599_06ca27,merchant_030,800.05,2026-08-12T13:14:33,netbanking,issuer_declined,2,7.44,0.0038,0.0959,0.0575,1,0,0,CARD_DECLINE
txn_001415_ea7c4d,merchant_022,778.91,2026-08-12T14:17:33,wallet,card_expired,1,2.82,0.0112,0.059,0.0329,4,0,0,CARD_DECLINE
txn_000300_2f7474,merchant_039,2149.16,2026-08-12T14:35:11,card,issuer_declined,2,3.12,0.0691,0.0003,0.0619,2,0,0,CARD_DECLINE
txn_001250_a74a84,merchant_008,1139.96,2026-08-12T14:55:24,upi,insufficient_funds,1,0.28,0.0,0.1148,0.0868,2,3,0,INSUFFICIENT_FUNDS
txn_000177_173418,merchant_005,429.48,2026-08-12T14:55:45,card,3ds_auth_failed,0,0.51,0.1067,0.0844,0.0597,4,0,0,OTP_TIMEOUT
txn_001312_efc1c4,merchant_023,836.05,2026-08-12T15:30:26,netbanking,internal_error,0,5.31,0.5504,0.5606,0.5906,3,1,0,INFRASTRUCTURE
txn_000832_73a3d3,merchant_040,1939.32,2026-08-12T16:35:54,netbanking,session_expired,0,2.87,0.061,0.0105,0.0,4,0,0,USER_ABANDONMENT
txn_001323_56bd13,merchant_035,1722.72,2026-08-12T16:46:47,upi,session_expired,0,2.76,0.1127,0.0,0.0441,7,0,0,USER_ABANDONMENT
txn_000606_eb488f,merchant_031,3379.04,2026-08-12T17:08:20,netbanking,unknown,0,18.04,0.1441,0.4434,0.1892,9,1,0,WEBHOOK_AMBIGUITY
txn_000617_caa71b,merchant_029,819.11,2026-08-12T17:29:22,card,issuer_declined,0,1.3,0.0,0.032,0.1132,1,2,0,CARD_DECLINE
txn_000697_4a2b69,merchant_017,984.59,2026-08-12T17:41:22,netbanking,insufficient_funds,0,0.42,0.0385,0.1116,0.088,2,4,0,INSUFFICIENT_FUNDS
txn_000791_a89bd6,merchant_024,2953.55,2026-08-12T17:45:11,wallet,card_expired,2,0.09,0.0191,0.1169,0.0752,4,4,0,CARD_DECLINE
txn_001060_7b3d8c,merchant_010,2933.3,2026-08-12T17:49:46,netbanking,insufficient_funds,0,3.97,0.0481,0.0395,0.048,3,7,0,INSUFFICIENT_FUNDS
txn_000929_9dadf1,merchant_027,571.16,2026-08-12T18:43:33,netbanking,internal_error,0,2.32,0.6771,0.3009,0.2718,5,2,0,INFRASTRUCTURE
txn_000681_5277e7,merchant_031,3391.95,2026-08-12T18:57:38,netbanking,otp_timeout,0,0.03,0.1307,0.0825,0.0508,2,0,0,OTP_TIMEOUT
txn_000963_03b08c,merchant_012,284.9,2026-08-12T19:28:55,wallet,issuer_declined,2,3.2,0.0399,0.0564,0.0615,1,1,0,CARD_DECLINE
txn_000115_84d0d2,merchant_018,3441.13,2026-08-12T19:46:52,wallet,issuer_declined,0,8.29,0.0269,0.0998,0.0618,2,3,0,CARD_DECLINE
txn_000520_b301e3,merchant_024,3479.03,2026-08-12T19:47:18,wallet,otp_timeout,0,0.45,0.1776,0.0,0.0673,6,0,0,OTP_TIMEOUT
txn_000253_f0f690,merchant_030,2271.59,2026-08-12T20:01:00,wallet,service_unavailable,1,2.16,0.4952,0.4071,0.8034,3,1,0,INFRASTRUCTURE
txn_000566_87a29e,merchant_005,1380.92,2026-08-12T20:46:04,netbanking,insufficient_funds,0,0.39,0.0015,0.05,0.0866,5,0,0,INSUFFICIENT_FUNDS
txn_000506_5ce60e,merchant_005,1653.85,2026-08-12T20:57:32,upi,issuer_declined,0,8.62,0.0,0.0002,0.0795,3,3,0,CARD_DECLINE
txn_000678_01d5a4,merchant_019,508.76,2026-08-12T20:58:48,wallet,invalid_card,1,2.61,0.0457,0.0108,0.0523,3,1,0,CARD_DECLINE
txn_001186_edf985,merchant_040,251.7,2026-08-12T21:10:08,card,session_expired,0,3.56,0.0086,0.0346,0.0421,12,1,0,USER_ABANDONMENT
txn_001334_f3a624,merchant_035,3668.64,2026-08-12T21:39:08,wallet,invalid_card,0,6.86,0.0,0.1098,0.0449,1,2,0,CARD_DECLINE
txn_001273_48416f,merchant_007,6368.44,2026-08-12T21:47:56,wallet,insufficient_funds,0,0.05,0.0099,0.0194,0.0331,2,3,0,INSUFFICIENT_FUNDS
txn_000444_5946fd,merchant_039,3411.66,2026-08-12T21:58:39,netbanking,otp_timeout,1,2.23,0.08,0.0107,0.0476,2,1,0,OTP_TIMEOUT
txn_000715_a1142f,merchant_017,1097.6,2026-08-12T22:00:25,wallet,session_expired,0,2.92,0.0,0.0352,0.053,4,0,0,USER_ABANDONMENT
txn_001092_4648a0,merchant_020,418.43,2026-08-12T22:56:34,card,insufficient_funds,0,1.24,0.0342,0.0,0.0706,0,2,1,INSUFFICIENT_FUNDS
txn_001048_ee95b2,merchant_018,1480.11,2026-08-12T23:12:39,netbanking,internal_error,0,2.01,0.2935,0.341,0.6526,3,1,0,INFRASTRUCTURE
txn_000341_59abc2,merchant_033,2692.4,2026-08-12T23:33:04,upi,otp_timeout,1,2.46,0.0553,0.0427,0.0,6,0,0,OTP_TIMEOUT
txn_001435_f50e57,merchant_039,1563.52,2026-08-12T23:37:35,netbanking,insufficient_funds,0,4.63,0.0132,0.025,0.0,2,4,0,INSUFFICIENT_FUNDS
txn_000413_ffcbdc,merchant_019,12967.29,2026-08-13T00:22:56,wallet,otp_timeout,0,3.89,0.103,0.0361,0.0049,5,0,0,OTP_TIMEOUT
txn_001339_631a3b,merchant_009,884.91,2026-08-13T00:30:45,upi,invalid_card,1,0.65,0.0338,0.0,0.0,3,1,0,CARD_DECLINE
txn_001380_079afc,merchant_032,1345.34,2026-08-13T00:54:49,netbanking,3ds_auth_failed,1,3.21,0.0979,0.0702,0.0654,6,1,0,OTP_TIMEOUT
txn_000741_bb077f,merchant_011,600.52,2026-08-13T01:05:49,netbanking,service_unavailable,0,5.62,0.568,0.4788,0.3065,4,0,0,INFRASTRUCTURE
txn_000827_b047c1,merchant_031,3753.28,2026-08-13T01:17:37,card,gateway_timeout,0,2.63,0.6848,0.4774,0.2357,3,1,0,INFRASTRUCTURE
txn_000424_6b5bdb,merchant_035,2353.25,2026-08-13T01:21:46,netbanking,insufficient_funds,0,1.88,0.0689,0.0716,0.029,1,4,0,INSUFFICIENT_FUNDS
txn_000785_c53f01,merchant_020,146.61,2026-08-13T01:23:58,netbanking,otp_timeout,1,1.83,0.0945,0.0483,0.0604,7,2,0,OTP_TIMEOUT
txn_000547_7d240c,merchant_014,645.03,2026-08-13T01:40:05,wallet,service_unavailable,1,6.31,0.6578,0.4719,0.5758,6,2,0,INFRASTRUCTURE
txn_000362_0b55ae,merchant_039,78.27,2026-08-13T01:56:05,card,3ds_auth_failed,0,1.6,0.052,0.0918,0.04,9,0,0,OTP_TIMEOUT
txn_000404_550d0b,merchant_034,686.22,2026-08-13T02:00:11,card,invalid_card,2,1.21,0.081,0.0537,0.0635,3,4,0,CARD_DECLINE
txn_000284_8169d2,merchant_028,1114.6,2026-08-13T02:03:21,netbanking,card_expired,1,0.99,0.0253,0.0914,0.0474,0,3,0,CARD_DECLINE
txn_001031_772e16,merchant_004,894.2,2026-08-13T02:47:10,netbanking,insufficient_funds,0,0.39,0.026,0.0,0.0608,3,2,0,INSUFFICIENT_FUNDS
txn_000608_1d2341,merchant_014,1155.11,2026-08-13T03:25:58,netbanking,invalid_card,1,2.12,0.0595,0.0439,0.0048,3,3,0,CARD_DECLINE
txn_001355_6545a8,merchant_030,1018.37,2026-08-13T03:42:18,card,user_cancelled,0,4.02,0.0493,0.0602,0.056,6,0,0,USER_ABANDONMENT
txn_000089_b1d9bb,merchant_016,248.89,2026-08-13T03:43:35,card,user_cancelled,0,0.01,0.0,0.0,0.0912,2,1,0,USER_ABANDONMENT
txn_000267_90478c,merchant_032,798.72,2026-08-13T03:49:26,wallet,3ds_auth_failed,1,2.68,0.0944,0.0681,0.0462,7,0,0,OTP_TIMEOUT
txn_001497_25c23d,merchant_032,3532.88,2026-08-13T04:38:11,netbanking,user_cancelled,0,5.65,0.0,0.1061,0.1134,2,1,0,USER_ABANDONMENT
txn_000776_4d5616,merchant_034,758.19,2026-08-13T05:29:42,wallet,session_expired,0,1.23,0.0406,0.0968,0.1126,4,2,0,USER_ABANDONMENT
txn_000583_38b73c,merchant_039,937.96,2026-08-13T06:10:31,netbanking,internal_error,0,3.56,0.4486,0.3422,0.595,3,1,0,INFRASTRUCTURE
txn_000947_ac609c,merchant_038,7598.7,2026-08-13T06:12:53,wallet,user_cancelled,0,1.99,0.0861,0.0633,0.0141,7,1,0,USER_ABANDONMENT
txn_000750_99e02f,merchant_006,1624.58,2026-08-13T06:13:48,wallet,gateway_timeout,1,8.23,0.3752,0.6113,0.3283,7,0,0,INFRASTRUCTURE
txn_000121_2c9753,merchant_018,834.06,2026-08-13T06:25:03,upi,unknown,0,13.57,0.5257,0.176,0.135,4,1,0,WEBHOOK_AMBIGUITY
txn_001330_dc50d6,merchant_009,991.9,2026-08-13T06:41:48,upi,unknown,1,13.08,0.059,0.1375,0.0822,9,0,0,WEBHOOK_AMBIGUITY
txn_000577_b05a9e,merchant_004,1180.52,2026-08-13T06:42:10,netbanking,issuer_declined,2,3.4,0.0252,0.0019,0.0415,0,3,0,CARD_DECLINE
txn_001322_793f65,merchant_020,993.13,2026-08-13T07:05:12,card,internal_error,0,10.67,0.589,0.5553,0.377,5,0,0,INFRASTRUCTURE
txn_001405_86f443,merchant_030,3750.52,2026-08-13T07:50:16,card,insufficient_funds,1,1.76,0.0475,0.1221,0.0465,0,2,0,INSUFFICIENT_FUNDS
txn_000962_bf2154,merchant_006,1671.53,2026-08-13T08:11:20,netbanking,invalid_card,0,0.55,0.0,0.0183,0.0882,2,2,1,CARD_DECLINE
txn_001315_96e3ff,merchant_037,744.84,2026-08-13T10:20:00,card,insufficient_funds,0,0.81,0.1422,0.0699,0.0684,2,2,0,INSUFFICIENT_FUNDS
txn_000652_7f1570,merchant_007,2015.61,2026-08-13T10:38:20,card,service_unavailable,0,0.32,0.6772,0.4732,0.1309,8,1,0,INFRASTRUCTURE
txn_001015_da9ea5,merchant_004,2531.76,2026-08-13T11:20:36,card,issuer_declined,0,0.07,0.1322,0.0792,0.1019,2,5,0,CARD_DECLINE
txn_000015_9ef283,merchant_034,2486.65,2026-08-13T11:35:40,card,user_cancelled,0,6.17,0.0007,0.0377,0.0674,2,0,0,USER_ABANDONMENT
txn_000047_9b10b1,merchant_017,741.84,2026-08-13T11:39:43,upi,3ds_auth_failed,1,2.16,0.0523,0.0439,0.0924,9,1,0,OTP_TIMEOUT
txn_001115_8941c5,merchant_033,9604.82,2026-08-13T11:53:30,upi,service_unavailable,1,3.62,0.6614,0.4225,0.582,6,0,0,INFRASTRUCTURE
txn_000856_4483c8,merchant_019,791.84,2026-08-13T12:09:04,netbanking,service_unavailable,1,7.75,0.3693,0.5898,0.1909,4,0,0,INFRASTRUCTURE
txn_001155_fe299d,merchant_038,4547.0,2026-08-13T12:33:15,upi,insufficient_funds,1,1.31,0.052,0.0534,0.0144,0,6,0,INSUFFICIENT_FUNDS
txn_001324_75201d,merchant_008,1852.5,2026-08-13T12:51:16,upi,3ds_auth_failed,0,0.98,0.2289,0.0719,0.0287,8,0,0,OTP_TIMEOUT
txn_000328_d2c9ee,merchant_007,486.81,2026-08-13T13:01:42,upi,card_expired,0,1.04,0.0375,0.0603,0.0664,3,1,0,CARD_DECLINE
txn_001444_6bcd10,merchant_002,1468.33,2026-08-13T13:05:48,card,unknown,0,18.83,0.1802,0.2922,0.2605,4,1,1,WEBHOOK_AMBIGUITY
txn_001105_d7c240,merchant_016,5545.15,2026-08-13T13:15:40,upi,3ds_auth_failed,1,0.27,0.1864,0.0802,0.0,1,0,0,OTP_TIMEOUT
txn_000202_9ef13b,merchant_027,371.79,2026-08-13T13:49:28,upi,insufficient_funds,1,0.7,0.0,0.1017,0.0871,0,2,0,INSUFFICIENT_FUNDS
txn_001211_985c45,merchant_013,4570.8,2026-08-13T14:59:57,card,unknown,0,11.87,0.0993,0.0988,0.1922,4,0,0,WEBHOOK_AMBIGUITY
txn_001475_522845,merchant_018,1479.12,2026-08-13T15:05:44,upi,issuer_declined,1,0.69,0.0,0.0918,0.0827,3,3,0,CARD_DECLINE
txn_000861_ff9e68,merchant_026,735.97,2026-08-13T15:16:51,upi,invalid_card,1,4.8,0.0191,0.0421,0.0106,0,2,0,CARD_DECLINE
txn_000829_a9c6ba,merchant_009,1055.26,2026-08-13T15:24:48,wallet,issuer_declined,0,1.22,0.074,0.0,0.0582,2,3,0,CARD_DECLINE
txn_001027_2a0d21,merchant_038,118.78,2026-08-13T15:51:42,upi,gateway_timeout,1,6.48,0.5601,0.6141,0.2438,0,0,0,INFRASTRUCTURE
txn_000498_89fb4c,merchant_038,7265.89,2026-08-13T15:58:39,netbanking,insufficient_funds,0,1.44,0.0284,0.0,0.0684,1,2,0,INSUFFICIENT_FUNDS
txn_000410_bb5980,merchant_028,2692.94,2026-08-13T16:00:08,netbanking,insufficient_funds,0,0.46,0.0,0.0205,0.0399,0,2,0,INSUFFICIENT_FUNDS
txn_000982_300949,merchant_012,1273.45,2026-08-13T16:11:56,card,unknown,0,11.79,0.3467,0.1985,0.2075,5,0,0,WEBHOOK_AMBIGUITY
txn_001150_41c263,merchant_028,2025.8,2026-08-13T16:18:52,upi,insufficient_funds,0,4.55,0.0869,0.0185,0.0539,1,2,0,INSUFFICIENT_FUNDS
txn_000467_f7dbf6,merchant_025,13588.06,2026-08-13T16:58:38,upi,internal_error,0,4.75,0.4512,0.5231,0.2996,9,1,0,INFRASTRUCTURE
txn_001161_1e75b1,merchant_035,903.45,2026-08-13T17:09:59,upi,gateway_timeout,1,4.66,0.4708,0.3436,0.2245,4,0,0,INFRASTRUCTURE
txn_000768_f6c4d8,merchant_031,2696.17,2026-08-13T17:23:26,wallet,session_expired,0,2.56,0.0117,0.0085,0.0421,6,0,0,USER_ABANDONMENT
txn_001166_22ff33,merchant_029,1759.07,2026-08-13T17:44:37,wallet,insufficient_funds,1,0.37,0.0207,0.0956,0.113,3,1,0,INSUFFICIENT_FUNDS
txn_000720_fb6e28,merchant_005,3116.45,2026-08-13T18:20:00,upi,insufficient_funds,1,1.31,0.0182,0.0337,0.0529,0,3,0,INSUFFICIENT_FUNDS
txn_000422_05fbd3,merchant_002,756.82,2026-08-13T18:46:41,upi,gateway_timeout,0,22.28,0.1089,0.0,0.0,4,0,0,WEBHOOK_AMBIGUITY
txn_001167_9af63f,merchant_038,3690.54,2026-08-13T19:19:54,upi,insufficient_funds,0,0.42,0.0811,0.0871,0.036,3,2,0,INSUFFICIENT_FUNDS
txn_000518_79f3ef,merchant_017,40.87,2026-08-13T20:03:02,netbanking,card_expired,2,0.84,0.0,0.0,0.0116,1,0,0,CARD_DECLINE
txn_000133_d2ab7b,merchant_005,5071.22,2026-08-13T20:22:11,upi,insufficient_funds,1,3.28,0.0811,0.0481,0.0026,2,5,0,INSUFFICIENT_FUNDS
txn_000180_03c94e,merchant_023,3162.44,2026-08-13T20:39:14,upi,session_expired,0,0.55,0.0888,0.0,0.0571,2,0,0,USER_ABANDONMENT
txn_001328_06f0d8,merchant_029,390.67,2026-08-13T21:24:34,upi,insufficient_funds,0,0.52,0.0,0.108,0.0233,1,2,0,INSUFFICIENT_FUNDS
txn_000926_bcc8dc,merchant_028,691.03,2026-08-13T21:32:37,wallet,issuer_declined,2,2.54,0.0359,0.1276,0.0199,3,1,0,CARD_DECLINE
txn_000804_14ca8c,merchant_027,5226.49,2026-08-13T21:41:19,wallet,3ds_auth_failed,1,6.05,0.0865,0.0,0.0656,4,0,0,OTP_TIMEOUT
txn_000395_5456bd,merchant_038,389.81,2026-08-13T21:57:39,wallet,unknown,0,11.38,0.4799,0.4156,0.2004,2,0,1,WEBHOOK_AMBIGUITY
txn_000094_8f99e3,merchant_037,819.26,2026-08-13T22:14:45,card,card_expired,2,1.79,0.0641,0.0151,0.0,2,3,0,CARD_DECLINE
txn_000800_e7e8ab,merchant_027,821.12,2026-08-13T22:19:45,netbanking,insufficient_funds,0,9.17,0.0,0.0771,0.0,2,0,0,INSUFFICIENT_FUNDS
txn_000826_5e3a7f,merchant_007,967.77,2026-08-13T22:21:32,wallet,internal_error,1,1.67,0.8647,0.4958,0.3485,3,1,0,INFRASTRUCTURE
txn_001374_4ca32e,merchant_019,580.52,2026-08-13T22:38:52,card,internal_error,0,7.55,0.9198,0.514,0.396,4,0,0,INFRASTRUCTURE
txn_000373_5b172c,merchant_027,340.47,2026-08-13T22:57:16,upi,3ds_auth_failed,0,5.37,0.1835,0.1052,0.0444,6,0,0,OTP_TIMEOUT
txn_000194_367264,merchant_039,504.57,2026-08-13T23:11:13,netbanking,card_expired,1,4.49,0.0,0.048,0.0,5,1,0,CARD_DECLINE
txn_000853_c59a37,merchant_001,5101.55,2026-08-14T00:09:39,wallet,gateway_timeout,0,16.29,0.1661,0.0,0.0694,5,0,0,WEBHOOK_AMBIGUITY
txn_000551_fa4743,merchant_028,7871.41,2026-08-14T00:27:58,upi,gateway_timeout,0,7.38,0.3887,0.3677,0.2428,4,0,0,WEBHOOK_AMBIGUITY
txn_000489_33f86e,merchant_011,6932.44,2026-08-14T00:48:17,upi,insufficient_funds,0,0.58,0.0392,0.0786,0.0287,1,2,0,INSUFFICIENT_FUNDS
txn_001178_fc0f33,merchant_026,4014.98,2026-08-14T00:50:07,upi,service_unavailable,0,2.99,0.6126,0.3183,0.3238,6,0,0,INFRASTRUCTURE
txn_001345_940da9,merchant_005,1021.5,2026-08-14T00:51:55,wallet,service_unavailable,1,0.14,0.7618,0.4582,0.4291,3,0,0,INFRASTRUCTURE
txn_000955_9aece9,merchant_038,4320.66,2026-08-14T00:53:04,upi,internal_error,1,9.24,0.5338,0.4489,0.6108,4,0,0,INFRASTRUCTURE
txn_000285_09a6fb,merchant_022,933.4,2026-08-14T01:48:19,wallet,insufficient_funds,1,0.23,0.0152,0.0714,0.0,2,3,0,INSUFFICIENT_FUNDS
txn_000717_8ecbfa,merchant_021,678.97,2026-08-14T02:54:47,upi,invalid_card,1,2.5,0.0092,0.0391,0.1187,2,3,0,CARD_DECLINE
txn_000737_6dc859,merchant_003,289.25,2026-08-14T03:13:22,netbanking,service_unavailable,0,2.39,0.6075,0.117,0.4316,1,0,0,INFRASTRUCTURE
txn_001032_8b95f5,merchant_026,949.98,2026-08-14T03:48:06,upi,session_expired,0,3.33,0.0619,0.091,0.0551,4,0,0,USER_ABANDONMENT
txn_001381_767b3a,merchant_026,481.46,2026-08-14T03:55:41,upi,gateway_timeout,1,11.46,0.0518,0.0432,0.1554,1,1,0,WEBHOOK_AMBIGUITY
txn_000311_5f836e,merchant_026,3279.97,2026-08-14T04:04:17,netbanking,insufficient_funds,1,0.31,0.0898,0.1454,0.0106,1,3,0,INSUFFICIENT_FUNDS
txn_000007_231caf,merchant_032,3721.71,2026-08-14T04:09:49,upi,otp_timeout,1,0.14,0.0714,0.059,0.1044,6,1,0,OTP_TIMEOUT
txn_001190_dc125f,merchant_038,1227.86,2026-08-14T04:20:24,upi,insufficient_funds,0,1.82,0.0,0.1395,0.1096,0,3,0,INSUFFICIENT_FUNDS
txn_000682_da3607,merchant_012,1261.54,2026-08-14T04:40:16,wallet,insufficient_funds,0,0.3,0.0959,0.126,0.054,0,2,0,INSUFFICIENT_FUNDS
txn_000903_378d6b,merchant_023,3004.13,2026-08-14T04:47:51,netbanking,unknown,1,13.68,0.605,0.0355,0.0222,3,0,0,WEBHOOK_AMBIGUITY
txn_000399_41ce14,merchant_007,1272.59,2026-08-14T04:58:13,netbanking,invalid_card,0,0.14,0.0916,0.0227,0.0996,3,1,0,CARD_DECLINE
txn_000684_1bef18,merchant_001,828.38,2026-08-14T05:01:55,card,user_cancelled,0,0.39,0.0,0.0,0.0646,7,1,0,USER_ABANDONMENT
txn_000745_ab49f6,merchant_037,1100.97,2026-08-14T06:10:46,netbanking,insufficient_funds,0,1.99,0.0264,0.0642,0.1012,5,0,0,INSUFFICIENT_FUNDS
txn_000980_e8f55d,merchant_040,1190.76,2026-08-14T06:10:46,netbanking,3ds_auth_failed,0,3.31,0.2182,0.0,0.0162,3,2,0,OTP_TIMEOUT
txn_000802_b97eea,merchant_005,4552.43,2026-08-14T06:43:05,netbanking,3ds_auth_failed,1,0.07,0.0,0.0512,0.0624,7,0,0,OTP_TIMEOUT
txn_000670_990263,merchant_005,890.92,2026-08-14T07:06:21,wallet,internal_error,0,1.85,0.4509,0.3169,0.5836,5,1,0,INFRASTRUCTURE
txn_000375_d9ec29,merchant_026,543.48,2026-08-14T07:37:46,card,internal_error,1,10.77,0.7885,0.3158,0.3239,5,0,0,INFRASTRUCTURE
txn_001114_9fedf2,merchant_031,2094.62,2026-08-14T07:48:34,upi,gateway_timeout,0,2.87,0.6568,0.5475,0.6945,3,0,0,INFRASTRUCTURE
txn_001013_af468f,merchant_002,749.65,2026-08-14T07:55:04,upi,issuer_declined,1,0.58,0.1107,0.083,0.0084,2,4,0,CARD_DECLINE
txn_001110_a56465,merchant_034,1039.05,2026-08-14T08:07:29,card,card_expired,2,5.48,0.0308,0.0854,0.0606,3,1,0,CARD_DECLINE
txn_001477_5f5275,merchant_031,3690.68,2026-08-14T08:17:18,card,user_cancelled,0,2.14,0.0,0.0839,0.0774,5,0,0,USER_ABANDONMENT
txn_000213_d9a538,merchant_021,2833.74,2026-08-14T08:21:20,upi,unknown,1,9.36,0.1726,0.4959,0.0718,9,0,0,WEBHOOK_AMBIGUITY
txn_001097_1303e2,merchant_037,7644.52,2026-08-14T08:27:27,card,invalid_card,2,0.2,0.1723,0.0893,0.1034,1,6,0,CARD_DECLINE
txn_001340_5029c0,merchant_020,17757.54,2026-08-14T09:00:40,upi,user_cancelled,0,3.49,0.0,0.1224,0.12,6,2,0,USER_ABANDONMENT
txn_000439_b219a0,merchant_033,7235.71,2026-08-14T09:02:35,wallet,insufficient_funds,0,4.06,0.0405,0.0408,0.0054,5,5,0,INSUFFICIENT_FUNDS
txn_000561_5d4e95,merchant_021,687.13,2026-08-14T09:18:38,netbanking,insufficient_funds,1,2.46,0.0625,0.1038,0.0461,0,2,0,INSUFFICIENT_FUNDS
txn_000350_009db1,merchant_018,4576.45,2026-08-14T09:30:48,netbanking,3ds_auth_failed,0,3.49,0.044,0.0272,0.0839,5,0,0,OTP_TIMEOUT
txn_000666_da6f49,merchant_027,1600.89,2026-08-14T11:01:01,wallet,card_expired,2,1.14,0.0376,0.0202,0.006,1,4,0,CARD_DECLINE
txn_000866_ba6292,merchant_025,1474.26,2026-08-14T12:06:37,wallet,gateway_timeout,1,7.57,0.4414,0.3975,0.2608,4,0,0,INFRASTRUCTURE
txn_000321_6f430d,merchant_016,3055.82,2026-08-14T12:38:22,wallet,internal_error,1,1.56,0.7912,0.3622,0.3027,4,0,0,INFRASTRUCTURE
txn_000625_43fc49,merchant_006,1220.95,2026-08-14T12:48:46,netbanking,insufficient_funds,1,0.61,0.0272,0.0079,0.0667,1,1,0,INSUFFICIENT_FUNDS
txn_000532_d3536f,merchant_003,565.74,2026-08-14T12:58:48,wallet,insufficient_funds,1,0.18,0.103,0.0855,0.0169,0,4,0,INSUFFICIENT_FUNDS
txn_000327_be076a,merchant_040,496.38,2026-08-14T13:31:13,card,insufficient_funds,1,0.97,0.0361,0.0,0.0293,2,4,1,INSUFFICIENT_FUNDS
txn_001184_3ba127,merchant_037,2980.46,2026-08-14T13:46:43,upi,issuer_declined,1,2.21,0.0847,0.0358,0.0512,3,4,0,CARD_DECLINE
txn_000927_9f0b43,merchant_006,7926.27,2026-08-14T13:55:16,netbanking,service_unavailable,1,12.76,0.4944,0.4007,0.4242,4,1,0,INFRASTRUCTURE
txn_000187_e163a3,merchant_039,848.28,2026-08-14T14:17:42,card,insufficient_funds,1,0.23,0.0777,0.0209,0.0476,3,4,0,INSUFFICIENT_FUNDS
txn_000056_5fa790,merchant_029,6287.31,2026-08-14T14:25:16,wallet,gateway_timeout,0,17.41,0.2695,0.0715,0.1229,6,1,0,WEBHOOK_AMBIGUITY
txn_000189_73bf22,merchant_019,451.76,2026-08-14T14:34:24,card,session_expired,0,2.22,0.0642,0.0793,0.023,4,0,0,USER_ABANDONMENT
txn_000434_d62f48,merchant_027,10216.99,2026-08-14T14:42:09,wallet,unknown,0,19.13,0.3333,0.3262,0.0436,4,0,0,WEBHOOK_AMBIGUITY
txn_000464_a91a35,merchant_028,423.9,2026-08-14T15:54:53,netbanking,session_expired,0,3.13,0.0352,0.0287,0.0664,4,0,0,USER_ABANDONMENT
txn_000872_a7a1b0,merchant_027,419.15,2026-08-14T16:04:06,netbanking,insufficient_funds,1,0.18,0.1459,0.0104,0.036,2,4,0,INSUFFICIENT_FUNDS
txn_000550_cae78f,merchant_019,1628.98,2026-08-14T16:28:22,wallet,user_cancelled,0,0.01,0.0454,0.073,0.1038,6,0,0,USER_ABANDONMENT
txn_000041_2ad749,merchant_035,1390.4,2026-08-14T17:04:21,card,insufficient_funds,1,14.77,0.0377,0.0976,0.0187,2,0,0,INSUFFICIENT_FUNDS
txn_000123_3a614d,merchant_016,192.11,2026-08-14T17:28:48,netbanking,otp_timeout,1,3.67,0.0219,0.0,0.0507,3,0,0,OTP_TIMEOUT
txn_000164_990c64,merchant_033,3977.51,2026-08-14T17:34:06,wallet,otp_timeout,1,1.71,0.2098,0.0,0.1278,2,1,0,OTP_TIMEOUT
txn_000000_688403,merchant_023,515.55,2026-08-14T17:54:14,card,user_cancelled,0,0.17,0.0875,0.097,0.0,7,0,0,USER_ABANDONMENT
txn_001136_4a15be,merchant_032,2856.46,2026-08-14T18:11:53,wallet,session_expired,0,2.67,0.1064,0.0,0.0684,7,0,0,USER_ABANDONMENT
txn_000048_539c8f,merchant_018,1022.97,2026-08-14T19:20:07,card,gateway_timeout,0,15.06,0.0879,0.0,0.0,6,3,0,WEBHOOK_AMBIGUITY
txn_000393_269596,merchant_040,671.08,2026-08-14T19:44:23,wallet,3ds_auth_failed,0,0.26,0.0982,0.0361,0.0778,1,0,0,OTP_TIMEOUT
txn_000396_e65b48,merchant_010,2620.13,2026-08-14T20:00:22,card,session_expired,0,6.92,0.009,0.1049,0.0551,3,1,0,USER_ABANDONMENT
txn_001154_b003bf,merchant_022,1388.62,2026-08-14T20:00:38,upi,internal_error,1,1.37,0.6274,0.4063,0.2331,3,0,0,INFRASTRUCTURE
txn_001461_8c3db2,merchant_025,80.81,2026-08-14T20:08:42,wallet,session_expired,0,2.47,0.0518,0.0458,0.0,8,0,0,USER_ABANDONMENT
txn_000077_a8bc3d,merchant_021,428.51,2026-08-14T20:59:54,card,unknown,0,21.39,0.0196,0.2881,0.3312,5,1,0,WEBHOOK_AMBIGUITY
txn_000727_ce07d9,merchant_003,22737.4,2026-08-14T21:09:10,netbanking,insufficient_funds,1,4.38,0.1586,0.0639,0.0965,3,3,0,INSUFFICIENT_FUNDS
txn_000083_7fbf5a,merchant_012,2750.79,2026-08-14T21:54:53,upi,gateway_timeout,0,14.6,0.0033,0.0517,0.0,6,0,0,WEBHOOK_AMBIGUITY
txn_000920_6eca3e,merchant_018,436.01,2026-08-14T22:27:46,wallet,otp_timeout,0,0.47,0.0635,0.0155,0.0327,5,0,1,OTP_TIMEOUT
txn_000003_297287,merchant_012,363.85,2026-08-14T23:05:05,card,session_expired,0,0.72,0.0265,0.0181,0.1098,7,0,0,USER_ABANDONMENT
txn_001088_613b04,merchant_026,280.39,2026-08-14T23:14:02,card,otp_timeout,1,2.59,0.0738,0.068,0.0825,2,1,0,OTP_TIMEOUT
txn_000370_326c98,merchant_003,1361.29,2026-08-14T23:19:45,upi,insufficient_funds,1,1.8,0.0274,0.1131,0.0968,0,4,0,INSUFFICIENT_FUNDS
txn_000388_fb315d,merchant_014,15552.74,2026-08-14T23:19:56,wallet,issuer_declined,1,0.71,0.0311,0.0,0.0,4,4,0,CARD_DECLINE
txn_000331_7d9490,merchant_038,5536.33,2026-08-14T23:37:15,upi,insufficient_funds,0,1.7,0.122,0.0866,0.1078,2,5,0,INSUFFICIENT_FUNDS
txn_000248_f49ab6,merchant_008,3276.4,2026-08-14T23:46:18,wallet,gateway_timeout,0,19.79,0.3342,0.16,0.0863,9,1,0,WEBHOOK_AMBIGUITY
txn_001252_950688,merchant_016,7558.61,2026-08-15T00:17:12,upi,otp_timeout,0,2.36,0.0829,0.0629,0.0462,6,1,0,OTP_TIMEOUT
txn_001471_20a0af,merchant_018,468.82,2026-08-15T00:23:25,wallet,invalid_card,2,1.96,0.1029,0.1049,0.0767,4,2,0,CARD_DECLINE
txn_000736_f38f9b,merchant_027,355.25,2026-08-15T00:30:30,upi,invalid_card,0,6.16,0.0307,0.1084,0.0168,3,2,0,CARD_DECLINE
txn_000416_847b66,merchant_006,4912.96,2026-08-15T00:55:52,netbanking,3ds_auth_failed,0,0.86,0.1149,0.0824,0.0742,5,1,0,OTP_TIMEOUT
txn_000581_d81432,merchant_003,111.96,2026-08-15T01:04:55,upi,session_expired,0,1.73,0.054,0.0907,0.0607,5,1,0,USER_ABANDONMENT
txn_000215_522011,merchant_015,980.18,2026-08-15T01:17:19,upi,3ds_auth_failed,0,0.42,0.0302,0.0027,0.123,0,1,0,OTP_TIMEOUT
txn_000398_c7e0c2,merchant_014,468.34,2026-08-15T01:18:09,upi,3ds_auth_failed,1,3.29,0.0752,0.0044,0.0991,3,0,0,OTP_TIMEOUT
txn_001410_aaa8a6,merchant_015,6698.04,2026-08-15T01:42:02,netbanking,issuer_declined,1,3.02,0.0,0.0,0.0585,0,3,0,CARD_DECLINE
txn_001481_87fc00,merchant_016,14272.32,2026-08-15T01:42:22,card,3ds_auth_failed,0,0.11,0.0,0.0991,0.0889,4,0,0,OTP_TIMEOUT
txn_001189_b2c563,merchant_018,603.39,2026-08-15T01:55:25,netbanking,user_cancelled,0,4.81,0.1357,0.0914,0.0231,8,0,0,USER_ABANDONMENT
txn_000932_cb6bbb,merchant_039,1210.15,2026-08-15T02:04:24,wallet,gateway_timeout,0,3.74,0.6079,0.3613,0.4759,5,0,0,INFRASTRUCTURE
txn_000322_7fe186,merchant_019,1778.29,2026-08-15T02:09:12,card,card_expired,2,0.12,0.0624,0.0301,0.0,1,2,0,CARD_DECLINE
txn_000008_31e780,merchant_005,867.02,2026-08-15T02:14:47,upi,insufficient_funds,0,1.56,0.0707,0.0005,0.0607,2,3,0,INSUFFICIENT_FUNDS
txn_000570_b91d0a,merchant_033,2279.17,2026-08-15T02:20:12,upi,insufficient_funds,0,1.05,0.0,0.0122,0.0459,0,3,0,INSUFFICIENT_FUNDS
txn_000967_a94c84,merchant_023,4004.78,2026-08-15T02:41:55,wallet,insufficient_funds,1,8.54,0.0,0.097,0.0623,3,3,0,INSUFFICIENT_FUNDS
txn_000093_8bb5f7,merchant_040,688.26,2026-08-15T02:52:47,card,insufficient_funds,1,9.26,0.1085,0.0411,0.0297,3,7,0,INSUFFICIENT_FUNDS
txn_000414_94c2f5,merchant_039,1319.04,2026-08-15T02:54:29,netbanking,gateway_timeout,1,4.5,0.3454,0.5849,0.3511,2,0,0,INFRASTRUCTURE
txn_001495_b9ccb3,merchant_028,4503.49,2026-08-15T03:11:13,netbanking,otp_timeout,1,0.51,0.0,0.0,0.0529,5,2,0,OTP_TIMEOUT
txn_001204_ff40f8,merchant_015,3010.51,2026-08-15T03:32:58,card,internal_error,0,5.93,0.6361,0.5147,0.2152,9,0,0,INFRASTRUCTURE
txn_001165_4d5285,merchant_020,1578.36,2026-08-15T03:45:05,upi,internal_error,1,2.95,0.4366,0.4218,0.3921,5,1,0,INFRASTRUCTURE
txn_000161_da0f07,merchant_027,125.57,2026-08-15T03:46:07,card,insufficient_funds,1,2.61,0.0816,0.0108,0.0066,4,1,0,INSUFFICIENT_FUNDS
txn_000775_88c319,merchant_003,4324.23,2026-08-15T03:59:32,netbanking,session_expired,0,2.27,0.0,0.0206,0.0189,8,1,0,USER_ABANDONMENT
txn_000363_e09066,merchant_005,2153.14,2026-08-15T04:03:02,wallet,insufficient_funds,0,2.62,0.1243,0.0982,0.0997,0,1,0,INSUFFICIENT_FUNDS
txn_001126_4b354d,merchant_033,2097.51,2026-08-15T04:16:37,card,unknown,0,7.78,0.3018,0.1175,0.4873,2,0,0,WEBHOOK_AMBIGUITY
txn_000633_21d4f9,merchant_033,5333.37,2026-08-15T04:37:59,wallet,insufficient_funds,0,0.22,0.0,0.0268,0.093,6,1,0,INSUFFICIENT_FUNDS
txn_001128_2ff97b,merchant_036,1544.77,2026-08-15T04:42:41,wallet,internal_error,1,9.87,0.6887,0.4713,0.3478,6,0,0,INFRASTRUCTURE
txn_001499_69fd79,merchant_037,848.92,2026-08-15T05:00:00,upi,gateway_timeout,0,6.81,0.6024,0.368,0.7306,1,1,0,INFRASTRUCTURE
txn_001077_12ed2f,merchant_009,659.19,2026-08-15T05:06:02,netbanking,internal_error,1,5.36,0.7588,0.2886,0.3094,9,1,0,INFRASTRUCTURE
txn_001421_64fcf9,merchant_012,1611.14,2026-08-15T05:11:04,upi,3ds_auth_failed,1,4.85,0.1585,0.0466,0.0656,3,1,0,OTP_TIMEOUT
txn_000179_9a8737,merchant_023,3157.3,2026-08-15T05:17:48,wallet,otp_timeout,0,0.47,0.0277,0.0112,0.0395,7,0,0,OTP_TIMEOUT
txn_000589_602424,merchant_032,1612.97,2026-08-15T05:24:01,upi,session_expired,0,0.42,0.1593,0.0817,0.0109,4,0,0,USER_ABANDONMENT
txn_000012_89bca6,merchant_039,4460.58,2026-08-15T05:32:23,netbanking,insufficient_funds,0,0.58,0.0078,0.0,0.0366,0,2,0,INSUFFICIENT_FUNDS
txn_000646_056ce9,merchant_024,7688.79,2026-08-15T05:37:54,upi,invalid_card,0,0.66,0.0383,0.0,0.03,2,3,0,CARD_DECLINE
txn_001375_27a530,merchant_016,8406.05,2026-08-15T05:53:29,card,insufficient_funds,0,0.59,0.0,0.0558,0.0,5,3,0,INSUFFICIENT_FUNDS
txn_001384_adfc37,merchant_001,328.9,2026-08-15T06:14:08,card,gateway_timeout,0,5.82,0.4677,0.4568,0.4029,6,0,1,INFRASTRUCTURE
txn_000020_e73d4b,merchant_027,3756.5,2026-08-15T06:21:18,upi,insufficient_funds,1,1.89,0.0536,0.0707,0.0,0,1,0,INSUFFICIENT_FUNDS
txn_001406_fbe899,merchant_006,119.74,2026-08-15T06:24:09,wallet,service_unavailable,1,0.77,0.4936,0.3489,0.4852,6,0,0,INFRASTRUCTURE
txn_001289_ced566,merchant_028,6908.98,2026-08-15T06:43:35,upi,insufficient_funds,0,0.07,0.0,0.0755,0.048,3,3,1,INSUFFICIENT_FUNDS
txn_000801_43176b,merchant_033,1555.75,2026-08-15T07:00:01,card,insufficient_funds,1,0.72,0.0372,0.0148,0.0647,1,5,0,INSUFFICIENT_FUNDS
txn_000200_0f186c,merchant_027,345.18,2026-08-15T07:21:43,upi,insufficient_funds,0,1.22,0.047,0.0506,0.0209,1,1,1,INSUFFICIENT_FUNDS
txn_000788_7b1bd0,merchant_025,968.36,2026-08-15T07:24:39,wallet,session_expired,0,1.11,0.1462,0.0186,0.0,5,1,0,USER_ABANDONMENT
txn_001213_f7becd,merchant_012,6872.98,2026-08-15T07:29:05,netbanking,internal_error,1,3.93,0.3247,0.1458,0.5822,8,0,0,INFRASTRUCTURE
txn_001129_ca0522,merchant_027,568.91,2026-08-15T07:30:23,wallet,gateway_timeout,0,17.14,0.2363,0.1068,0.2358,3,1,1,WEBHOOK_AMBIGUITY
txn_000636_015509,merchant_016,2983.31,2026-08-15T07:42:04,card,issuer_declined,2,1.62,0.1051,0.0285,0.0038,2,0,0,CARD_DECLINE
txn_001460_45ff24,merchant_033,23100.35,2026-08-15T07:57:51,wallet,session_expired,0,1.02,0.0144,0.0821,0.0366,6,0,0,USER_ABANDONMENT
txn_001116_7ecb67,merchant_037,6017.89,2026-08-15T07:59:27,card,card_expired,1,3.11,0.0659,0.0407,0.0763,0,3,0,CARD_DECLINE
txn_000965_632b4c,merchant_020,1443.39,2026-08-15T08:00:24,wallet,unknown,0,10.57,0.0,0.1867,0.0998,4,1,0,WEBHOOK_AMBIGUITY
txn_000990_69b1dc,merchant_007,21044.33,2026-08-15T08:16:17,card,gateway_timeout,0,5.36,0.2223,0.209,0.1035,5,1,0,WEBHOOK_AMBIGUITY
txn_000940_b220ba,merchant_039,4995.21,2026-08-15T08:50:55,wallet,gateway_timeout,0,3.15,0.4457,0.4394,0.6886,3,0,0,INFRASTRUCTURE
txn_000601_0dd3ab,merchant_036,992.45,2026-08-15T08:57:09,netbanking,service_unavailable,1,7.02,0.5768,0.1686,0.4334,4,1,0,INFRASTRUCTURE
txn_000473_e4265d,merchant_020,1615.41,2026-08-15T09:44:36,card,otp_timeout,1,0.45,0.1582,0.0348,0.0429,5,1,0,OTP_TIMEOUT
txn_001133_c81778,merchant_019,6547.77,2026-08-15T09:49:33,netbanking,user_cancelled,0,0.55,0.0871,0.0,0.0818,5,3,1,USER_ABANDONMENT
txn_001044_0858c8,merchant_007,1161.21,2026-08-15T09:52:46,upi,service_unavailable,0,2.46,0.7904,0.4685,0.5287,4,0,0,INFRASTRUCTURE
txn_000871_3c41c1,merchant_040,1997.36,2026-08-15T10:03:47,netbanking,session_expired,0,0.0,0.0466,0.0636,0.0,7,0,0,USER_ABANDONMENT
txn_000221_a9d14a,merchant_034,256.12,2026-08-15T10:18:33,card,service_unavailable,0,2.05,0.0582,0.2284,0.4455,5,0,0,INFRASTRUCTURE
txn_000772_aaf65e,merchant_028,510.14,2026-08-15T10:40:09,card,user_cancelled,0,0.96,0.0669,0.0,0.0615,4,0,0,USER_ABANDONMENT
txn_000996_18c3b2,merchant_038,4525.53,2026-08-15T11:26:26,card,card_expired,2,0.41,0.1743,0.0365,0.0498,3,4,0,CARD_DECLINE
txn_001308_cf0c0a,merchant_037,475.28,2026-08-15T11:46:42,upi,invalid_card,1,1.75,0.076,0.0313,0.0335,1,0,0,CARD_DECLINE
txn_000269_47b838,merchant_021,1404.55,2026-08-15T12:09:40,wallet,issuer_declined,1,0.98,0.0339,0.0,0.0369,2,2,0,CARD_DECLINE
txn_000773_04dc44,merchant_031,1741.77,2026-08-15T12:14:22,upi,insufficient_funds,0,3.14,0.0515,0.0949,0.0405,2,2,0,INSUFFICIENT_FUNDS
txn_000556_906937,merchant_036,43096.66,2026-08-15T13:10:36,card,card_expired,1,3.26,0.0559,0.078,0.0741,0,3,1,CARD_DECLINE
txn_000584_ec9089,merchant_022,828.05,2026-08-15T13:12:03,netbanking,gateway_timeout,1,4.42,0.7119,0.5742,0.3452,6,0,0,INFRASTRUCTURE
txn_000046_9f543e,merchant_018,2597.6,2026-08-15T13:19:12,card,insufficient_funds,0,0.07,0.0,0.0474,0.1219,4,0,0,INSUFFICIENT_FUNDS
txn_001427_0cdaff,merchant_026,2163.94,2026-08-15T13:35:33,card,3ds_auth_failed,1,3.7,0.1779,0.1246,0.084,7,0,0,OTP_TIMEOUT
txn_001276_19bfa4,merchant_008,1002.9,2026-08-15T13:49:19,netbanking,issuer_declined,1,0.39,0.0553,0.0103,0.0,0,4,0,CARD_DECLINE
txn_000421_b53c4a,merchant_040,961.53,2026-08-15T13:53:43,netbanking,service_unavailable,1,7.37,0.4202,0.5784,0.4272,8,1,0,INFRASTRUCTURE
txn_000842_3c5de7,merchant_038,1387.39,2026-08-15T14:24:46,upi,gateway_timeout,0,2.49,0.5957,0.2884,0.1624,5,1,0,INFRASTRUCTURE
txn_001100_f66be6,merchant_004,804.3,2026-08-15T15:18:56,wallet,issuer_declined,2,1.29,0.0,0.0562,0.1231,0,3,0,CARD_DECLINE
txn_000234_388508,merchant_030,1059.19,2026-08-15T16:25:56,wallet,insufficient_funds,0,1.63,0.0987,0.0147,0.0242,1,0,0,INSUFFICIENT_FUNDS
txn_000381_c8ae94,merchant_018,8018.43,2026-08-15T17:11:09,netbanking,unknown,0,13.55,0.2743,0.1683,0.3252,10,1,0,WEBHOOK_AMBIGUITY
txn_000430_203dd9,merchant_017,3809.81,2026-08-15T17:30:32,netbanking,insufficient_funds,1,0.91,0.0,0.0405,0.0911,2,3,0,INSUFFICIENT_FUNDS
txn_001480_a9ac93,merchant_020,371.48,2026-08-15T18:03:53,upi,insufficient_funds,0,1.98,0.0739,0.0841,0.0553,2,1,1,INSUFFICIENT_FUNDS
txn_000642_462490,merchant_024,2290.44,2026-08-15T18:34:40,netbanking,card_expired,0,3.02,0.0,0.1451,0.0021,1,3,0,CARD_DECLINE
txn_000278_f44d6f,merchant_027,1008.63,2026-08-15T18:41:59,card,insufficient_funds,0,1.0,0.0,0.0278,0.0731,2,0,0,INSUFFICIENT_FUNDS
txn_000600_0284a2,merchant_008,802.67,2026-08-15T19:14:28,upi,issuer_declined,1,0.45,0.0,0.0835,0.0211,4,1,0,CARD_DECLINE
txn_000643_83fbcb,merchant_010,1848.98,2026-08-15T20:15:12,upi,unknown,0,13.36,0.3417,0.2417,0.0425,6,0,0,WEBHOOK_AMBIGUITY
txn_000151_bdd745,merchant_038,181.14,2026-08-15T20:36:37,card,service_unavailable,0,3.52,0.6003,0.7067,0.4957,5,0,0,INFRASTRUCTURE
txn_001504_7c7d2d,merchant_016,1753.21,2026-08-15T22:10:37,netbanking,internal_error,0,2.54,0.7651,0.2794,0.5137,4,0,1,INFRASTRUCTURE
txn_001500_acaa0e,merchant_039,433.12,2026-08-15T22:10:41,upi,insufficient_funds,1,2.05,0.0217,0.0571,0.0208,1,3,1,INSUFFICIENT_FUNDS
txn_001517_c3d1c4,merchant_024,620.5,2026-08-15T22:10:44,upi,gateway_timeout,1,6.7,0.4945,0.3855,0.2566,4,0,1,INFRASTRUCTURE
txn_001606_1e86b2,merchant_030,3174.88,2026-08-15T22:10:51,card,gateway_timeout,0,6.73,0.8416,0.3103,0.2277,6,1,1,INFRASTRUCTURE
txn_001516_eeb9e2,merchant_025,12167.73,2026-08-15T22:10:59,upi,unknown,0,28.3,0.1899,0.2096,0.0197,4,1,0,WEBHOOK_AMBIGUITY
txn_001577_4494a8,merchant_007,2058.84,2026-08-15T22:11:13,wallet,gateway_timeout,0,1.04,0.4936,0.2284,0.5023,7,0,1,INFRASTRUCTURE
txn_001552_ffddc3,merchant_013,2613.62,2026-08-15T22:11:31,wallet,service_unavailable,1,1.08,0.513,0.5736,0.2922,5,0,1,INFRASTRUCTURE
txn_001515_409546,merchant_028,674.56,2026-08-15T22:11:31,card,insufficient_funds,0,4.19,0.1285,0.0623,0.0711,5,5,1,INSUFFICIENT_FUNDS
txn_001514_8b0322,merchant_027,8012.13,2026-08-15T22:11:32,upi,card_expired,1,2.44,0.0412,0.0275,0.1574,2,3,1,CARD_DECLINE
txn_001538_88096a,merchant_021,1186.65,2026-08-15T22:11:58,card,service_unavailable,1,0.64,0.6343,0.5033,0.4922,8,2,0,INFRASTRUCTURE
txn_001581_4b9154,merchant_010,253.83,2026-08-15T22:12:52,card,insufficient_funds,0,0.31,0.1862,0.0552,0.1131,1,2,1,INSUFFICIENT_FUNDS
txn_001566_3678a1,merchant_006,1426.24,2026-08-15T22:13:06,wallet,insufficient_funds,0,1.04,0.0103,0.1098,0.0403,0,8,1,INSUFFICIENT_FUNDS
txn_001539_bcd358,merchant_016,6447.49,2026-08-15T22:13:16,upi,service_unavailable,1,4.76,0.4317,0.5513,0.3759,7,1,1,INFRASTRUCTURE
txn_001561_a82a2b,merchant_011,261.96,2026-08-15T22:13:19,netbanking,internal_error,0,10.59,1.0,0.5104,0.4781,3,0,1,INFRASTRUCTURE
txn_001549_53390e,merchant_005,2007.35,2026-08-15T22:13:30,wallet,gateway_timeout,0,7.83,0.3286,0.4757,0.5236,7,1,0,INFRASTRUCTURE
txn_001520_4ac510,merchant_012,391.51,2026-08-15T22:13:31,netbanking,internal_error,1,7.38,0.6752,0.2753,0.4434,5,1,1,INFRASTRUCTURE
txn_001559_4e984f,merchant_024,860.01,2026-08-15T22:13:40,card,service_unavailable,1,4.48,0.425,0.3734,0.3747,6,1,1,INFRASTRUCTURE
txn_001511_2d86e5,merchant_024,231.65,2026-08-15T22:14:07,upi,internal_error,0,3.0,0.4926,0.3316,0.2379,6,0,1,INFRASTRUCTURE
txn_001555_29715e,merchant_021,3052.82,2026-08-15T22:14:13,netbanking,3ds_auth_failed,1,0.37,0.1916,0.1079,0.0272,3,0,0,OTP_TIMEOUT
txn_001593_e4e50a,merchant_020,1910.14,2026-08-15T22:14:48,wallet,gateway_timeout,1,3.63,0.6237,0.6468,0.2885,4,1,0,INFRASTRUCTURE
txn_001522_0d825f,merchant_001,1502.22,2026-08-15T22:15:52,upi,internal_error,1,12.63,0.5348,0.2593,0.6184,7,0,0,INFRASTRUCTURE
txn_001585_ee9f5a,merchant_002,2030.45,2026-08-15T22:16:08,wallet,service_unavailable,1,5.45,0.3805,0.3093,0.2111,3,0,0,INFRASTRUCTURE
txn_001547_f017bc,merchant_001,409.03,2026-08-15T22:16:11,netbanking,gateway_timeout,0,7.8,0.3473,0.6604,0.1187,4,0,0,INFRASTRUCTURE
txn_001521_3e6c89,merchant_012,3460.71,2026-08-15T22:16:31,upi,internal_error,1,6.47,0.4286,0.4672,0.0084,11,1,1,INFRASTRUCTURE
txn_001598_1f7303,merchant_018,6068.21,2026-08-15T22:17:14,netbanking,service_unavailable,0,6.4,0.6706,0.1594,0.3479,4,1,1,INFRASTRUCTURE
txn_001537_7c3db6,merchant_036,8153.18,2026-08-15T22:17:37,card,insufficient_funds,1,2.32,0.1532,0.0843,0.122,1,3,1,INSUFFICIENT_FUNDS
txn_001578_d68869,merchant_034,586.04,2026-08-15T22:17:48,netbanking,internal_error,0,3.94,0.3803,0.4618,0.3904,5,0,1,INFRASTRUCTURE
txn_001589_231440,merchant_012,2740.7,2026-08-15T22:17:49,card,3ds_auth_failed,0,0.64,0.0697,0.0946,0.01,4,1,1,OTP_TIMEOUT
txn_001502_1f4264,merchant_020,3395.31,2026-08-15T22:18:26,card,internal_error,1,6.15,0.8358,0.3726,0.0821,2,1,1,INFRASTRUCTURE
txn_001544_bbab15,merchant_008,2063.98,2026-08-15T22:18:56,card,service_unavailable,0,5.73,0.4542,0.5251,0.5519,3,0,1,INFRASTRUCTURE
txn_001564_0dd450,merchant_012,2152.31,2026-08-15T22:19:20,card,issuer_declined,0,0.44,0.1146,0.0555,0.0034,1,2,1,CARD_DECLINE
txn_001601_5b55c8,merchant_018,1261.72,2026-08-15T22:20:08,card,insufficient_funds,0,2.34,0.0024,0.0,0.0906,1,3,1,INSUFFICIENT_FUNDS
txn_001528_08d855,merchant_036,321.44,2026-08-15T22:20:21,upi,user_cancelled,0,2.08,0.0881,0.1244,0.0143,4,0,1,USER_ABANDONMENT
txn_001557_fe7bd4,merchant_004,398.77,2026-08-15T22:21:06,upi,internal_error,1,1.17,0.732,0.6276,0.3945,6,1,0,INFRASTRUCTURE
txn_001579_19aab3,merchant_019,1249.93,2026-08-15T22:21:15,netbanking,insufficient_funds,1,1.76,0.0894,0.1028,0.0,3,1,1,INSUFFICIENT_FUNDS
txn_001595_55ccff,merchant_036,1899.74,2026-08-15T22:21:42,netbanking,gateway_timeout,0,3.91,0.6614,0.2111,0.51,6,0,0,INFRASTRUCTURE
txn_001545_57b82e,merchant_036,637.72,2026-08-15T22:21:44,card,service_unavailable,0,6.2,0.6176,0.5547,0.8927,5,1,1,INFRASTRUCTURE
txn_001558_b2595b,merchant_018,589.78,2026-08-15T22:22:10,upi,insufficient_funds,1,1.28,0.1079,0.0364,0.1094,1,5,1,INSUFFICIENT_FUNDS
txn_001507_411f87,merchant_030,1523.91,2026-08-15T22:22:39,netbanking,internal_error,1,9.38,0.443,0.561,0.2051,9,0,1,INFRASTRUCTURE
txn_001567_2b079f,merchant_018,1421.03,2026-08-15T22:22:45,wallet,card_expired,0,1.9,0.0777,0.0169,0.0636,3,4,1,CARD_DECLINE
txn_001582_a71d7d,merchant_017,365.03,2026-08-15T22:23:04,card,user_cancelled,0,1.39,0.0,0.1279,0.0603,2,0,0,USER_ABANDONMENT
txn_001594_ed1c3a,merchant_005,3569.91,2026-08-15T22:23:44,card,otp_timeout,0,0.09,0.0655,0.1279,0.0355,2,1,0,OTP_TIMEOUT
txn_001503_461211,merchant_030,2373.35,2026-08-15T22:23:48,card,gateway_timeout,1,0.08,0.4033,0.4591,0.5791,8,1,1,INFRASTRUCTURE
txn_001563_77a1a0,merchant_013,515.28,2026-08-15T22:24:34,card,service_unavailable,0,5.3,0.4236,0.5402,0.5848,4,1,1,INFRASTRUCTURE
txn_001501_c4b715,merchant_010,3903.39,2026-08-15T22:25:17,netbanking,gateway_timeout,1,7.22,0.4764,0.5071,0.249,9,1,1,INFRASTRUCTURE
txn_001565_f62208,merchant_014,512.51,2026-08-15T22:25:18,wallet,gateway_timeout,0,0.84,0.2802,0.2406,0.4757,4,1,1,INFRASTRUCTURE
txn_001529_6a550b,merchant_022,142.85,2026-08-15T22:25:25,wallet,internal_error,1,4.22,0.5193,0.5974,0.4578,8,0,1,INFRASTRUCTURE
txn_001560_4ff8d2,merchant_028,266.24,2026-08-15T22:25:26,wallet,3ds_auth_failed,0,2.76,0.074,0.0635,0.026,6,0,1,OTP_TIMEOUT
txn_001535_9a5789,merchant_010,28813.19,2026-08-15T22:25:37,card,issuer_declined,1,3.63,0.0541,0.0617,0.0296,4,1,1,CARD_DECLINE
txn_001527_7bc584,merchant_007,7454.76,2026-08-15T22:25:44,card,gateway_timeout,1,18.72,0.5003,0.1191,0.5655,1,0,1,INFRASTRUCTURE
txn_001608_c6d6de,merchant_038,2858.2,2026-08-15T22:25:48,card,service_unavailable,0,2.32,0.6876,0.4737,0.3888,6,0,0,INFRASTRUCTURE
txn_001572_1a2a0a,merchant_017,434.55,2026-08-15T22:25:52,wallet,card_expired,1,0.31,0.0688,0.0,0.0276,2,1,1,CARD_DECLINE
txn_001587_37d87f,merchant_033,2502.07,2026-08-15T22:26:14,card,card_expired,1,0.97,0.0185,0.0888,0.0407,1,1,1,CARD_DECLINE
txn_001574_31a2de,merchant_026,1632.0,2026-08-15T22:27:39,card,service_unavailable,1,3.43,0.4684,0.1786,0.1605,6,0,1,INFRASTRUCTURE
txn_001554_702ff6,merchant_011,547.05,2026-08-15T22:27:42,upi,internal_error,0,4.63,0.5176,0.5107,0.4554,4,1,1,INFRASTRUCTURE
txn_001584_b4e124,merchant_014,4064.43,2026-08-15T22:27:50,upi,insufficient_funds,0,8.15,0.0585,0.0,0.0171,2,4,1,INSUFFICIENT_FUNDS
txn_001525_85dd63,merchant_004,4686.33,2026-08-15T22:28:08,netbanking,service_unavailable,1,2.31,0.6245,0.6675,0.272,8,0,0,INFRASTRUCTURE
txn_001551_f776d0,merchant_026,2627.17,2026-08-15T22:28:16,netbanking,internal_error,1,1.62,0.3867,0.2537,0.143,4,1,1,INFRASTRUCTURE
txn_001568_005539,merchant_015,1411.37,2026-08-15T22:28:21,card,gateway_timeout,0,2.54,0.4022,0.2463,0.3729,8,1,1,INFRASTRUCTURE
txn_001518_4293ef,merchant_019,3157.99,2026-08-15T22:28:22,wallet,internal_error,1,5.42,0.3689,0.435,0.5287,8,2,1,INFRASTRUCTURE
txn_001573_8cd0de,merchant_016,1033.46,2026-08-15T22:28:23,card,insufficient_funds,1,0.04,0.0363,0.1099,0.0001,2,2,1,INSUFFICIENT_FUNDS
txn_001599_1571d8,merchant_028,1472.78,2026-08-15T22:28:30,card,internal_error,0,4.76,0.3597,0.0236,0.613,8,1,1,INFRASTRUCTURE
txn_001519_7b7937,merchant_040,1932.44,2026-08-15T22:28:33,upi,service_unavailable,1,0.6,0.3905,0.8707,0.3404,3,0,0,INFRASTRUCTURE
txn_001550_21d316,merchant_025,1384.88,2026-08-15T22:28:33,card,user_cancelled,0,1.55,0.012,0.07,0.0872,8,0,1,USER_ABANDONMENT
txn_001546_688801,merchant_007,5203.16,2026-08-15T22:28:44,wallet,gateway_timeout,0,5.06,0.6253,0.2488,0.3436,6,0,1,INFRASTRUCTURE
txn_001609_054a48,merchant_036,396.47,2026-08-15T22:28:49,upi,service_unavailable,0,2.65,0.6599,0.5209,0.3452,6,3,1,INFRASTRUCTURE
txn_001575_f6404b,merchant_031,675.53,2026-08-15T22:28:54,wallet,gateway_timeout,1,2.41,0.6411,0.0746,0.4848,4,0,1,INFRASTRUCTURE
txn_001562_dce051,merchant_029,770.25,2026-08-15T22:29:09,upi,internal_error,1,1.16,0.2534,0.3731,0.4681,3,1,1,INFRASTRUCTURE
txn_001533_5867d9,merchant_018,1545.24,2026-08-15T22:29:38,upi,3ds_auth_failed,1,2.01,0.0683,0.0104,0.0091,3,0,1,OTP_TIMEOUT
txn_001591_f8ca2c,merchant_039,2347.68,2026-08-15T22:30:08,card,service_unavailable,0,6.34,0.647,0.7286,0.8223,5,0,1,INFRASTRUCTURE
txn_001604_1b5f6d,merchant_030,956.54,2026-08-15T22:30:14,upi,issuer_declined,0,0.29,0.0193,0.0853,0.0491,1,1,1,CARD_DECLINE
txn_001600_88c30d,merchant_025,15789.89,2026-08-15T22:30:22,wallet,service_unavailable,1,7.58,0.5708,0.5012,0.3656,1,1,0,INFRASTRUCTURE
txn_001542_1e34b9,merchant_026,10404.74,2026-08-15T22:30:43,card,service_unavailable,1,5.07,0.5775,0.3046,0.4671,8,0,1,INFRASTRUCTURE
txn_001588_5c41c0,merchant_028,3270.83,2026-08-15T22:31:12,card,gateway_timeout,0,4.15,0.2497,0.4934,0.3333,8,2,0,INFRASTRUCTURE
txn_001506_c21bf7,merchant_016,491.78,2026-08-15T22:31:31,netbanking,service_unavailable,1,6.44,0.3819,0.5428,0.6607,10,1,1,INFRASTRUCTURE
txn_001523_2270e0,merchant_008,1978.97,2026-08-15T22:32:19,card,insufficient_funds,0,1.8,0.0797,0.0665,0.0,1,4,0,INSUFFICIENT_FUNDS
txn_001556_a9f10c,merchant_001,2013.77,2026-08-15T22:32:36,card,card_expired,2,0.44,0.0,0.1381,0.087,2,2,1,CARD_DECLINE
txn_001541_e00cf3,merchant_037,2570.08,2026-08-15T22:32:43,card,internal_error,0,1.62,0.6193,0.4307,0.4179,3,0,1,INFRASTRUCTURE
txn_001576_b7a32d,merchant_021,2414.38,2026-08-15T22:32:47,netbanking,internal_error,0,11.26,0.5417,0.7196,0.2011,1,0,1,INFRASTRUCTURE
txn_001534_d3d89e,merchant_024,7260.2,2026-08-15T22:33:13,upi,gateway_timeout,1,7.64,0.5996,0.3519,0.4498,5,0,1,INFRASTRUCTURE
txn_001509_2d6209,merchant_004,677.41,2026-08-15T22:33:18,wallet,gateway_timeout,1,9.92,0.6113,0.3208,0.3579,6,1,1,INFRASTRUCTURE
txn_001505_75bf35,merchant_019,3466.48,2026-08-15T22:33:32,card,insufficient_funds,0,0.44,0.0364,0.0772,0.0735,2,4,1,INSUFFICIENT_FUNDS
txn_001583_294ff2,merchant_031,373.7,2026-08-15T22:33:55,netbanking,gateway_timeout,1,0.29,0.7861,0.1881,0.3802,4,0,0,INFRASTRUCTURE
txn_001607_308cc6,merchant_013,380.6,2026-08-15T22:34:07,upi,insufficient_funds,0,0.84,0.0,0.0384,0.0379,1,3,0,INSUFFICIENT_FUNDS
txn_001524_899a32,merchant_033,1025.01,2026-08-15T22:34:09,card,3ds_auth_failed,1,2.96,0.1609,0.0713,0.0564,8,2,1,OTP_TIMEOUT
txn_001569_76eb83,merchant_036,800.36,2026-08-15T22:34:39,wallet,service_unavailable,0,2.69,0.5433,0.3777,0.0062,5,0,1,INFRASTRUCTURE
txn_001603_6fd962,merchant_034,651.46,2026-08-15T22:35:01,upi,service_unavailable,0,1.18,0.297,0.269,0.5139,4,0,0,INFRASTRUCTURE
txn_001512_73e1bb,merchant_011,1400.79,2026-08-15T22:35:12,netbanking,gateway_timeout,1,4.62,0.5837,0.4071,0.3072,8,0,1,INFRASTRUCTURE
txn_001597_87b9b0,merchant_034,230.46,2026-08-15T22:35:43,netbanking,gateway_timeout,0,9.45,0.5093,0.2175,0.1762,2,3,1,INFRASTRUCTURE
txn_001596_559023,merchant_032,672.96,2026-08-15T22:35:44,wallet,internal_error,1,7.42,0.4459,0.0406,0.319,7,0,1,INFRASTRUCTURE
txn_001570_26b334,merchant_036,862.58,2026-08-15T22:35:54,netbanking,service_unavailable,0,12.23,0.3096,0.3348,0.2214,4,1,1,INFRASTRUCTURE
txn_001532_8bf2be,merchant_009,908.41,2026-08-15T22:36:07,upi,internal_error,0,10.57,0.6637,0.3317,0.3828,3,0,1,INFRASTRUCTURE
txn_001602_4f356d,merchant_032,1381.45,2026-08-15T22:36:07,card,internal_error,1,13.76,0.3354,0.5028,0.1897,3,0,1,INFRASTRUCTURE
txn_001592_443944,merchant_039,4775.75,2026-08-15T22:36:27,wallet,service_unavailable,0,5.78,0.6042,0.1398,0.4398,5,0,1,INFRASTRUCTURE
txn_001580_46c983,merchant_009,4164.14,2026-08-15T22:36:31,upi,3ds_auth_failed,0,1.44,0.168,0.0518,0.0521,11,1,1,OTP_TIMEOUT
txn_001531_6a259e,merchant_027,1128.42,2026-08-15T22:36:51,netbanking,otp_timeout,0,0.6,0.0,0.0878,0.0272,12,0,1,OTP_TIMEOUT
txn_001571_7e772f,merchant_005,3489.44,2026-08-15T22:36:55,wallet,internal_error,0,1.79,0.6254,0.4153,0.3626,5,1,0,INFRASTRUCTURE
txn_001605_6e0d22,merchant_018,712.07,2026-08-15T22:37:00,wallet,3ds_auth_failed,1,0.75,0.0418,0.0405,0.0474,2,0,1,OTP_TIMEOUT
txn_001586_12efcc,merchant_004,2640.19,2026-08-15T22:37:18,wallet,gateway_timeout,0,5.99,0.3227,0.3313,0.1092,4,2,1,INFRASTRUCTURE
txn_001508_7e534d,merchant_015,130.35,2026-08-15T22:37:30,netbanking,invalid_card,2,4.88,0.0,0.0463,0.0159,5,2,0,CARD_DECLINE
txn_001540_265a97,merchant_005,990.26,2026-08-15T22:37:52,upi,internal_error,1,10.08,0.4969,0.4211,0.1595,4,1,1,INFRASTRUCTURE
txn_001590_b83e34,merchant_008,4718.86,2026-08-15T22:37:58,upi,service_unavailable,0,5.1,0.7902,0.2708,0.0791,11,2,1,INFRASTRUCTURE
txn_001530_fa4ebe,merchant_002,351.73,2026-08-15T22:38:07,wallet,gateway_timeout,0,7.33,0.6027,0.0894,0.1549,2,0,1,INFRASTRUCTURE
txn_001536_9cdbbb,merchant_032,1562.96,2026-08-15T22:38:43,netbanking,internal_error,1,8.63,0.4311,0.2362,0.1062,4,2,1,INFRASTRUCTURE
txn_001526_e4016f,merchant_014,379.43,2026-08-15T22:38:57,netbanking,insufficient_funds,0,0.17,0.0997,0.0484,0.0061,1,2,1,INSUFFICIENT_FUNDS
txn_001513_3f9017,merchant_012,1930.35,2026-08-15T22:39:05,card,gateway_timeout,0,20.37,0.9498,0.3133,0.457,5,0,1,INFRASTRUCTURE
txn_001510_fa451a,merchant_005,622.01,2026-08-15T22:39:25,upi,gateway_timeout,1,5.78,0.2325,0.5899,0.0324,6,1,1,INFRASTRUCTURE
txn_001553_455032,merchant_021,1982.27,2026-08-15T22:39:41,netbanking,service_unavailable,1,2.01,0.6216,0.139,0.164,5,0,1,INFRASTRUCTURE
txn_001543_6338cb,merchant_015,932.48,2026-08-15T22:39:44,upi,insufficient_funds,1,4.68,0.0077,0.0464,0.0747,2,3,0,INSUFFICIENT_FUNDS
txn_001548_169ef6,merchant_002,1012.46,2026-08-15T22:39:48,upi,internal_error,0,5.43,0.5263,0.6641,0.4357,8,2,0,INFRASTRUCTURE
txn_000095_ec502f,merchant_022,886.83,2026-08-15T22:48:23,wallet,insufficient_funds,0,2.26,0.018,0.082,0.0599,0,5,0,INSUFFICIENT_FUNDS
txn_001465_568782,merchant_005,709.46,2026-08-15T22:56:34,card,session_expired,0,3.95,0.0749,0.0518,0.1201,8,1,0,USER_ABANDONMENT
txn_000392_9c00cf,merchant_038,713.9,2026-08-15T23:17:30,card,internal_error,1,0.25,0.2396,0.4766,0.625,6,1,0,INFRASTRUCTURE
txn_000889_61731e,merchant_031,1337.72,2026-08-15T23:58:23,netbanking,insufficient_funds,1,1.09,0.0014,0.0,0.0591,2,11,1,INSUFFICIENT_FUNDS
txn_000455_f3a347,merchant_040,3129.08,2026-08-16T00:57:51,card,unknown,1,13.44,0.0986,0.4176,0.1296,3,1,0,WEBHOOK_AMBIGUITY
txn_000663_afa6b7,merchant_016,4824.04,2026-08-16T00:59:20,netbanking,user_cancelled,0,2.14,0.0121,0.0632,0.0581,7,0,0,USER_ABANDONMENT
txn_000759_f691b5,merchant_010,1885.84,2026-08-16T01:15:21,card,unknown,0,16.04,0.2861,0.0477,0.175,3,0,0,WEBHOOK_AMBIGUITY
txn_000382_474df5,merchant_024,1008.95,2026-08-16T01:19:51,netbanking,card_expired,2,10.7,0.0,0.0,0.0,1,2,0,CARD_DECLINE
txn_000005_61d618,merchant_039,2297.9,2026-08-16T01:23:50,upi,insufficient_funds,0,3.84,0.0506,0.074,0.0766,2,1,0,INSUFFICIENT_FUNDS
txn_000216_0bfb96,merchant_006,1058.54,2026-08-16T01:36:31,upi,otp_timeout,1,3.03,0.047,0.0414,0.0078,7,0,0,OTP_TIMEOUT
txn_000803_4a705a,merchant_009,217.5,2026-08-16T01:46:13,card,invalid_card,2,0.19,0.0978,0.0508,0.0553,3,1,0,CARD_DECLINE
txn_001210_aeb9b1,merchant_029,809.67,2026-08-16T01:56:36,upi,session_expired,0,1.61,0.0151,0.0,0.0199,4,1,0,USER_ABANDONMENT
txn_000195_f5c61a,merchant_024,1588.23,2026-08-16T01:57:38,wallet,insufficient_funds,0,1.9,0.0688,0.069,0.1251,4,4,0,INSUFFICIENT_FUNDS
txn_000659_224bf3,merchant_038,364.72,2026-08-16T02:30:24,card,invalid_card,2,0.45,0.0,0.1376,0.0756,5,3,0,CARD_DECLINE
txn_000709_4d0064,merchant_030,455.75,2026-08-16T02:36:00,upi,gateway_timeout,1,8.67,0.5125,0.5411,0.3175,2,0,0,INFRASTRUCTURE
txn_000082_5f3b9a,merchant_018,4269.52,2026-08-16T02:43:07,upi,issuer_declined,1,1.12,0.0645,0.1663,0.0377,0,6,0,CARD_DECLINE
txn_001030_5460f4,merchant_006,13437.37,2026-08-16T02:59:05,netbanking,gateway_timeout,0,7.75,0.473,0.411,0.3574,5,0,0,INFRASTRUCTURE
txn_000522_085094,merchant_025,2644.41,2026-08-16T03:03:57,card,unknown,1,12.96,0.0,0.2637,0.1306,8,0,0,WEBHOOK_AMBIGUITY
txn_000790_2d90b2,merchant_011,678.43,2026-08-16T03:08:46,wallet,unknown,1,19.0,0.3032,0.297,0.1636,4,0,0,WEBHOOK_AMBIGUITY
txn_000122_a8713b,merchant_005,15264.08,2026-08-16T03:39:01,card,internal_error,1,1.28,1.0,0.2087,0.3134,5,0,0,INFRASTRUCTURE
txn_001103_cd6ea5,merchant_029,4112.13,2026-08-16T03:59:11,wallet,gateway_timeout,0,1.96,0.6924,0.6106,0.4836,7,0,0,INFRASTRUCTURE
txn_001335_a93510,merchant_028,313.92,2026-08-16T04:05:51,card,insufficient_funds,0,1.93,0.0616,0.0482,0.1314,1,6,0,INSUFFICIENT_FUNDS
txn_001272_321bc4,merchant_031,2621.04,2026-08-16T04:24:14,upi,invalid_card,2,0.19,0.0277,0.033,0.0311,3,2,0,CARD_DECLINE
txn_000072_761e21,merchant_002,8796.22,2026-08-16T04:26:57,netbanking,card_expired,0,0.8,0.0276,0.0475,0.0166,1,4,0,CARD_DECLINE
txn_000896_dd27a8,merchant_005,2649.42,2026-08-16T04:58:13,netbanking,user_cancelled,0,1.54,0.078,0.0772,0.083,4,0,0,USER_ABANDONMENT
txn_001372_426c78,merchant_005,804.64,2026-08-16T05:11:23,card,internal_error,1,5.4,0.1258,0.2391,0.394,7,1,0,INFRASTRUCTURE
txn_000376_ffa669,merchant_024,10967.55,2026-08-16T06:05:28,upi,gateway_timeout,1,23.5,0.5652,0.1023,0.1791,5,0,0,WEBHOOK_AMBIGUITY
txn_000050_90308e,merchant_013,1435.43,2026-08-16T06:32:18,upi,gateway_timeout,0,15.11,0.0,0.1482,0.0638,5,0,0,WEBHOOK_AMBIGUITY
txn_001240_01a393,merchant_031,2511.19,2026-08-16T06:36:26,netbanking,3ds_auth_failed,1,5.97,0.1525,0.0634,0.0288,4,1,0,OTP_TIMEOUT
txn_000084_b1ce2b,merchant_008,1172.73,2026-08-16T06:44:10,upi,gateway_timeout,1,8.99,0.3157,0.0856,0.0977,6,1,0,WEBHOOK_AMBIGUITY
txn_001490_4110f8,merchant_012,569.79,2026-08-16T07:55:35,card,insufficient_funds,0,5.93,0.0011,0.0365,0.014,2,3,0,INSUFFICIENT_FUNDS
txn_000781_9ced5f,merchant_040,640.56,2026-08-16T08:29:23,card,invalid_card,2,4.52,0.0644,0.0019,0.0,2,5,0,CARD_DECLINE
txn_000293_56c976,merchant_011,15171.79,2026-08-16T08:37:21,upi,card_expired,1,1.04,0.0,0.0473,0.1147,2,6,0,CARD_DECLINE
txn_001243_e45b65,merchant_010,548.58,2026-08-16T08:44:43,wallet,service_unavailable,0,6.13,0.6364,0.3075,0.5722,6,0,0,INFRASTRUCTURE
txn_000824_1266a9,merchant_031,12581.96,2026-08-16T09:01:59,upi,service_unavailable,0,7.82,0.4505,0.2495,0.1919,3,1,0,INFRASTRUCTURE
txn_001069_06d479,merchant_035,2411.29,2026-08-16T09:12:17,wallet,session_expired,0,0.28,0.131,0.0,0.1671,12,0,0,USER_ABANDONMENT
txn_000173_484f81,merchant_003,3808.35,2026-08-16T09:27:22,wallet,otp_timeout,1,0.43,0.0899,0.0263,0.0374,4,0,0,OTP_TIMEOUT
txn_000313_e35f6f,merchant_022,1420.55,2026-08-16T09:42:09,upi,insufficient_funds,1,0.41,0.0006,0.0839,0.0178,0,2,0,INSUFFICIENT_FUNDS
txn_001491_a6f0c6,merchant_022,600.75,2026-08-16T09:50:45,netbanking,gateway_timeout,0,1.9,0.5892,0.5185,0.623,12,1,0,INFRASTRUCTURE
txn_000879_754421,merchant_008,1128.96,2026-08-16T10:07:07,upi,session_expired,0,1.21,0.1145,0.0939,0.0267,4,2,0,USER_ABANDONMENT
txn_000621_554066,merchant_036,1563.56,2026-08-16T10:40:47,upi,otp_timeout,1,0.19,0.0011,0.0,0.0517,4,0,0,OTP_TIMEOUT
txn_001078_b06964,merchant_032,1324.15,2026-08-16T11:21:29,netbanking,gateway_timeout,0,7.83,0.7791,0.2884,0.2526,3,0,0,INFRASTRUCTURE
txn_000686_c0d369,merchant_024,1211.29,2026-08-16T11:32:15,wallet,card_expired,1,2.39,0.0472,0.041,0.0896,1,5,0,CARD_DECLINE
txn_000106_2cb2d5,merchant_035,268.78,2026-08-16T13:10:25,card,issuer_declined,0,0.88,0.0862,0.1211,0.0541,5,2,0,CARD_DECLINE
txn_001496_5f70a8,merchant_035,1631.4,2026-08-16T13:18:55,card,invalid_card,2,1.75,0.1061,0.0,0.0089,1,2,0,CARD_DECLINE
txn_000810_9a76bd,merchant_009,1954.69,2026-08-16T13:32:36,netbanking,issuer_declined,0,0.97,0.0356,0.0147,0.077,1,6,0,CARD_DECLINE
txn_000543_13c4de,merchant_003,8324.81,2026-08-16T13:57:04,upi,gateway_timeout,1,18.76,0.3533,0.1894,0.2439,3,0,0,WEBHOOK_AMBIGUITY
txn_000456_3d7929,merchant_034,3241.12,2026-08-16T14:24:09,card,insufficient_funds,1,0.71,0.055,0.0,0.0415,2,2,0,INSUFFICIENT_FUNDS
txn_001422_1357fa,merchant_016,1356.98,2026-08-16T14:38:26,wallet,internal_error,1,16.75,0.6504,0.3759,0.2873,4,2,0,INFRASTRUCTURE
txn_000049_15ab09,merchant_028,175.8,2026-08-16T14:46:28,upi,unknown,1,21.7,0.7286,0.3898,0.0845,4,0,0,WEBHOOK_AMBIGUITY
txn_000705_2b3bc9,merchant_011,1801.61,2026-08-16T15:18:13,card,internal_error,1,4.8,0.5246,0.4473,0.3466,6,0,0,INFRASTRUCTURE
txn_000026_72c38c,merchant_031,456.36,2026-08-16T15:34:29,card,user_cancelled,0,0.57,0.0203,0.0,0.0357,4,2,0,USER_ABANDONMENT
txn_001011_5781c3,merchant_001,1634.67,2026-08-16T15:55:27,wallet,otp_timeout,0,0.41,0.1936,0.036,0.0593,2,1,0,OTP_TIMEOUT
txn_001217_52f263,merchant_014,210.39,2026-08-16T16:09:55,wallet,unknown,0,7.3,0.4129,0.3423,0.0404,7,0,0,WEBHOOK_AMBIGUITY
txn_000191_614ea1,merchant_005,1084.12,2026-08-16T16:44:38,upi,invalid_card,0,5.61,0.0238,0.0,0.0478,1,0,0,CARD_DECLINE
txn_001469_edab58,merchant_036,390.16,2026-08-16T16:56:53,netbanking,issuer_declined,2,4.67,0.0,0.0555,0.1128,1,2,0,CARD_DECLINE
txn_000490_fa586f,merchant_005,2016.48,2026-08-16T17:21:38,card,invalid_card,1,1.06,0.0,0.1645,0.037,2,2,0,CARD_DECLINE
txn_001021_d5cc6d,merchant_001,314.68,2026-08-16T17:31:33,wallet,invalid_card,1,3.33,0.0577,0.1024,0.0453,3,3,0,CARD_DECLINE
txn_000549_ed266a,merchant_013,3019.51,2026-08-16T18:07:29,upi,insufficient_funds,0,0.71,0.0235,0.1204,0.0487,1,5,0,INSUFFICIENT_FUNDS
txn_001484_d3381e,merchant_011,735.04,2026-08-16T18:07:57,netbanking,invalid_card,2,0.17,0.0015,0.0426,0.0591,2,4,0,CARD_DECLINE
txn_001004_f04031,merchant_009,1676.54,2026-08-16T18:51:30,netbanking,insufficient_funds,1,1.68,0.0087,0.0278,0.047,1,5,0,INSUFFICIENT_FUNDS
txn_000795_a33af4,merchant_025,978.31,2026-08-16T19:00:50,netbanking,unknown,1,17.61,0.3711,0.2493,0.314,4,1,0,WEBHOOK_AMBIGUITY
txn_001113_35c769,merchant_015,589.15,2026-08-16T19:10:24,netbanking,invalid_card,2,0.18,0.1819,0.0566,0.0958,1,2,0,CARD_DECLINE
txn_000256_3cce11,merchant_007,10653.62,2026-08-16T19:36:30,netbanking,gateway_timeout,1,20.89,0.2833,0.1335,0.1889,3,0,0,WEBHOOK_AMBIGUITY
txn_000110_1bbfdb,merchant_007,659.96,2026-08-16T20:15:34,upi,insufficient_funds,1,3.68,0.0623,0.0,0.0586,3,2,0,INSUFFICIENT_FUNDS
txn_001285_eed013,merchant_023,5453.96,2026-08-16T20:21:11,wallet,card_expired,1,1.38,0.0,0.0,0.0503,3,2,0,CARD_DECLINE
txn_000626_2d24b9,merchant_040,654.24,2026-08-16T20:24:36,netbanking,card_expired,0,0.11,0.1057,0.0513,0.127,3,2,0,CARD_DECLINE
txn_000203_5acfb0,merchant_036,758.09,2026-08-16T20:57:44,netbanking,issuer_declined,1,1.17,0.1191,0.1338,0.0024,1,1,0,CARD_DECLINE
txn_000031_7120e6,merchant_002,8276.62,2026-08-16T21:17:21,wallet,invalid_card,1,0.51,0.0834,0.0156,0.1152,2,2,0,CARD_DECLINE
txn_000458_df39f0,merchant_017,7792.17,2026-08-16T21:29:53,card,user_cancelled,0,1.94,0.1126,0.116,0.0225,3,2,0,USER_ABANDONMENT
txn_001473_3e3137,merchant_029,5918.46,2026-08-16T21:32:20,netbanking,issuer_declined,1,0.34,0.0657,0.0,0.0803,2,2,0,CARD_DECLINE
txn_000760_f6c4f1,merchant_008,1166.48,2026-08-16T22:18:02,wallet,3ds_auth_failed,1,1.29,0.0544,0.0836,0.0366,5,1,0,OTP_TIMEOUT
txn_001305_0a2848,merchant_032,2233.65,2026-08-16T22:24:35,netbanking,invalid_card,0,5.59,0.0,0.0796,0.0694,1,2,0,CARD_DECLINE
txn_000271_d287fd,merchant_028,581.13,2026-08-16T23:13:23,netbanking,insufficient_funds,1,0.58,0.0684,0.0005,0.0,2,2,0,INSUFFICIENT_FUNDS
txn_000970_f7d313,merchant_036,2000.55,2026-08-16T23:23:19,netbanking,gateway_timeout,0,11.62,0.3813,0.2828,0.3246,3,0,0,INFRASTRUCTURE
txn_001331_f07f30,merchant_032,7299.6,2026-08-16T23:47:08,wallet,invalid_card,2,0.1,0.184,0.0216,0.0915,0,0,1,CARD_DECLINE
txn_001316_938b03,merchant_013,2226.42,2026-08-17T00:00:09,upi,insufficient_funds,1,10.43,0.0413,0.0851,0.0247,1,2,0,INSUFFICIENT_FUNDS
txn_000931_96c1c6,merchant_027,2345.33,2026-08-17T00:19:47,upi,card_expired,2,1.94,0.0248,0.0523,0.0,2,2,0,CARD_DECLINE
txn_000036_f43219,merchant_022,823.2,2026-08-17T00:23:47,netbanking,otp_timeout,1,1.1,0.0855,0.0097,0.0786,2,0,0,OTP_TIMEOUT
txn_000656_567246,merchant_032,7364.88,2026-08-17T00:58:10,card,3ds_auth_failed,1,7.92,0.101,0.079,0.1253,8,0,0,OTP_TIMEOUT
txn_000823_f9ab10,merchant_014,1298.05,2026-08-17T01:00:35,netbanking,session_expired,0,2.4,0.0553,0.0567,0.014,3,0,0,USER_ABANDONMENT
txn_001329_55f7be,merchant_021,118.08,2026-08-17T01:16:48,wallet,insufficient_funds,0,0.64,0.0429,0.1454,0.0676,1,3,0,INSUFFICIENT_FUNDS
txn_000051_92347e,merchant_030,2506.8,2026-08-17T01:27:39,netbanking,unknown,1,3.36,0.4841,0.0982,0.0,3,1,0,WEBHOOK_AMBIGUITY
txn_000950_d625a4,merchant_007,4399.16,2026-08-17T01:36:45,netbanking,internal_error,0,6.15,0.5314,0.1341,0.3335,3,1,0,INFRASTRUCTURE
txn_000655_1f7f70,merchant_020,2248.63,2026-08-17T02:03:37,upi,gateway_timeout,0,16.38,0.2742,0.1592,0.2151,7,0,1,WEBHOOK_AMBIGUITY
txn_000435_21fd8c,merchant_027,519.17,2026-08-17T02:12:48,netbanking,internal_error,1,7.64,0.3246,0.1982,0.6551,8,1,0,INFRASTRUCTURE
txn_000340_33bc42,merchant_008,1234.33,2026-08-17T02:19:28,upi,3ds_auth_failed,1,0.35,0.0923,0.0,0.0664,1,2,0,OTP_TIMEOUT
txn_001417_558534,merchant_006,908.64,2026-08-17T02:19:34,upi,session_expired,0,5.37,0.0139,0.0882,0.021,5,1,0,USER_ABANDONMENT
txn_001489_7431b8,merchant_032,4941.2,2026-08-17T02:20:12,netbanking,otp_timeout,0,1.95,0.1308,0.0917,0.0532,4,0,0,OTP_TIMEOUT
txn_000508_a2eeb5,merchant_019,3431.37,2026-08-17T02:29:56,upi,insufficient_funds,1,0.77,0.1566,0.0719,0.0071,3,2,0,INSUFFICIENT_FUNDS
txn_001242_f5cce3,merchant_040,817.99,2026-08-17T02:46:29,upi,3ds_auth_failed,1,1.18,0.1726,0.1011,0.0487,8,0,0,OTP_TIMEOUT
txn_001455_a6b4ac,merchant_020,1320.56,2026-08-17T04:27:16,upi,gateway_timeout,0,9.37,0.1926,0.2324,0.4595,6,0,0,INFRASTRUCTURE
txn_000559_cef4b9,merchant_006,265.26,2026-08-17T04:36:02,wallet,session_expired,0,2.44,0.0616,0.084,0.083,5,0,0,USER_ABANDONMENT
txn_000878_7419c5,merchant_033,1302.87,2026-08-17T04:52:26,netbanking,insufficient_funds,0,4.89,0.0931,0.0,0.0,0,4,0,INSUFFICIENT_FUNDS
txn_000854_cd3e14,merchant_012,3377.54,2026-08-17T05:01:42,netbanking,3ds_auth_failed,0,2.09,0.1639,0.142,0.0455,5,1,0,OTP_TIMEOUT
txn_000891_29cf15,merchant_002,2339.33,2026-08-17T05:22:21,netbanking,insufficient_funds,0,0.09,0.0808,0.132,0.0814,3,2,0,INSUFFICIENT_FUNDS
txn_001325_a58ec1,merchant_014,22102.27,2026-08-17T05:31:52,netbanking,service_unavailable,1,1.1,0.4736,0.3784,0.6102,7,0,0,INFRASTRUCTURE
txn_000068_ad1c87,merchant_004,723.7,2026-08-17T05:51:53,card,unknown,1,6.49,0.3932,0.425,0.3863,3,0,0,WEBHOOK_AMBIGUITY
txn_000260_f29c95,merchant_035,3350.5,2026-08-17T06:57:56,card,insufficient_funds,0,0.31,0.0,0.0271,0.1118,2,3,0,INSUFFICIENT_FUNDS
txn_000820_17ba96,merchant_015,1386.02,2026-08-17T07:04:04,netbanking,insufficient_funds,0,0.92,0.0078,0.0,0.0365,3,3,0,INSUFFICIENT_FUNDS
txn_001488_b6407e,merchant_026,290.51,2026-08-17T07:06:16,wallet,session_expired,0,1.19,0.0855,0.1121,0.1288,4,0,0,USER_ABANDONMENT
txn_001144_6b8b9c,merchant_040,377.3,2026-08-17T07:18:27,netbanking,issuer_declined,0,0.04,0.0605,0.1735,0.0575,0,3,0,CARD_DECLINE
txn_001206_16e033,merchant_027,2270.44,2026-08-17T08:30:28,card,unknown,0,10.54,0.4396,0.3539,0.0103,8,1,0,WEBHOOK_AMBIGUITY
txn_001387_9ec4ff,merchant_014,3711.78,2026-08-17T09:03:17,card,card_expired,1,0.26,0.0524,0.0301,0.1112,2,3,0,CARD_DECLINE
txn_001274_5e02a0,merchant_001,1052.61,2026-08-17T09:13:11,netbanking,issuer_declined,0,0.67,0.1564,0.0,0.0813,1,5,0,CARD_DECLINE
txn_000604_d2d88c,merchant_038,2664.94,2026-08-17T09:28:00,wallet,3ds_auth_failed,1,0.05,0.0201,0.0581,0.1053,3,1,0,OTP_TIMEOUT
txn_000828_0e70d9,merchant_014,2601.39,2026-08-17T09:58:48,card,insufficient_funds,1,0.44,0.0947,0.1292,0.143,3,1,0,INSUFFICIENT_FUNDS
txn_001066_c9f60f,merchant_002,1463.29,2026-08-17T10:39:55,card,insufficient_funds,1,0.28,0.0919,0.0461,0.1134,2,1,0,INSUFFICIENT_FUNDS
txn_001449_ebe403,merchant_040,1601.51,2026-08-17T10:42:49,netbanking,service_unavailable,1,4.04,0.486,0.6315,0.4017,8,0,1,INFRASTRUCTURE
txn_001311_618a6d,merchant_015,954.77,2026-08-17T11:08:00,wallet,insufficient_funds,0,0.97,0.0877,0.0414,0.1055,1,2,0,INSUFFICIENT_FUNDS
txn_001148_5c55ff,merchant_039,853.58,2026-08-17T11:17:01,netbanking,gateway_timeout,1,11.36,0.175,0.1946,0.0,5,0,0,WEBHOOK_AMBIGUITY
txn_000480_047ca4,merchant_016,4174.75,2026-08-17T11:37:12,card,service_unavailable,1,7.67,0.6252,0.2859,0.4094,4,0,0,INFRASTRUCTURE
txn_001045_a1de1f,merchant_009,5132.86,2026-08-17T12:00:33,upi,gateway_timeout,0,5.13,0.6329,0.3819,0.4484,3,2,0,INFRASTRUCTURE
txn_001463_3e5c12,merchant_010,2250.29,2026-08-17T12:28:18,wallet,session_expired,0,0.67,0.0,0.0,0.0449,8,0,0,USER_ABANDONMENT
txn_000702_68e618,merchant_002,1014.05,2026-08-17T13:04:04,upi,3ds_auth_failed,1,1.7,0.0235,0.0,0.0563,5,1,0,OTP_TIMEOUT
txn_001383_70139c,merchant_001,4286.09,2026-08-17T13:32:13,wallet,insufficient_funds,1,1.46,0.0647,0.1127,0.0223,1,1,0,INSUFFICIENT_FUNDS
txn_001170_babe1c,merchant_007,3487.37,2026-08-17T13:45:00,upi,unknown,0,17.89,0.1737,0.2632,0.0941,5,0,0,WEBHOOK_AMBIGUITY
txn_001293_2dc9b5,merchant_026,4307.47,2026-08-17T13:59:12,card,service_unavailable,0,6.81,0.4271,0.3064,0.1722,8,2,0,INFRASTRUCTURE
txn_000867_ead62d,merchant_002,1224.72,2026-08-17T14:21:57,card,gateway_timeout,0,25.11,0.0048,0.2792,0.2641,5,3,0,WEBHOOK_AMBIGUITY
txn_001057_2bde23,merchant_040,1075.32,2026-08-17T15:22:44,netbanking,session_expired,0,1.95,0.0614,0.0138,0.0713,7,1,0,USER_ABANDONMENT
txn_001426_f63524,merchant_017,249.33,2026-08-17T16:23:47,netbanking,gateway_timeout,1,7.75,0.4014,0.2486,0.3779,9,0,0,INFRASTRUCTURE
txn_000672_6c3180,merchant_017,1201.99,2026-08-17T17:05:10,wallet,insufficient_funds,0,3.5,0.0306,0.0662,0.0578,0,2,0,INSUFFICIENT_FUNDS
txn_000757_86e0ac,merchant_039,1627.97,2026-08-17T17:08:28,netbanking,card_expired,2,3.29,0.0356,0.0238,0.0927,1,1,0,CARD_DECLINE
txn_000924_16363e,merchant_037,1430.2,2026-08-17T17:14:29,netbanking,unknown,0,21.09,0.1426,0.3038,0.141,4,0,0,WEBHOOK_AMBIGUITY
txn_000425_b2cdb1,merchant_001,2004.72,2026-08-17T17:55:00,netbanking,card_expired,2,1.26,0.0663,0.0,0.011,2,2,0,CARD_DECLINE
txn_000245_31f3a1,merchant_021,2905.46,2026-08-17T18:11:45,netbanking,service_unavailable,1,4.79,0.4779,0.4937,0.69,3,0,0,INFRASTRUCTURE
txn_001219_45536b,merchant_011,10737.43,2026-08-17T18:24:26,upi,insufficient_funds,0,1.58,0.0965,0.025,0.0266,6,2,0,INSUFFICIENT_FUNDS
txn_000071_0dbc82,merchant_021,1647.73,2026-08-17T18:27:25,card,gateway_timeout,1,0.7,0.3758,0.213,0.4161,6,0,0,INFRASTRUCTURE
txn_000119_9fdf90,merchant_003,1594.7,2026-08-17T18:48:30,netbanking,session_expired,0,0.88,0.0101,0.0606,0.0699,6,0,0,USER_ABANDONMENT
txn_000726_880083,merchant_001,2131.49,2026-08-17T19:12:07,netbanking,issuer_declined,0,1.47,0.0852,0.0396,0.0128,3,2,0,CARD_DECLINE
txn_000687_355f05,merchant_009,986.91,2026-08-17T19:15:53,wallet,service_unavailable,0,1.68,0.3183,0.5963,0.2158,4,3,0,INFRASTRUCTURE
txn_000837_6905a3,merchant_028,4475.02,2026-08-17T19:17:19,wallet,session_expired,0,0.12,0.1043,0.0624,0.0598,12,0,0,USER_ABANDONMENT
txn_000184_c03d8f,merchant_014,1666.02,2026-08-17T19:52:47,upi,user_cancelled,0,0.65,0.0593,0.1075,0.0,2,0,0,USER_ABANDONMENT
txn_001440_ac6b34,merchant_033,9624.67,2026-08-17T19:56:58,upi,user_cancelled,0,1.43,0.026,0.0,0.0,4,0,0,USER_ABANDONMENT
txn_000169_0b17e0,merchant_039,3154.11,2026-08-17T20:23:26,netbanking,insufficient_funds,0,2.58,0.1314,0.047,0.0306,1,1,0,INSUFFICIENT_FUNDS
txn_000429_d214c3,merchant_028,1487.65,2026-08-17T20:45:50,netbanking,service_unavailable,0,1.6,0.4187,0.527,0.3206,5,0,0,INFRASTRUCTURE
txn_001132_98f150,merchant_040,1299.88,2026-08-17T20:48:37,card,unknown,1,10.43,0.0895,0.2663,0.1654,4,0,0,WEBHOOK_AMBIGUITY
txn_000692_46bb2d,merchant_025,3933.56,2026-08-17T21:11:13,wallet,gateway_timeout,1,4.91,0.7011,0.3265,0.2708,7,0,0,INFRASTRUCTURE
txn_000431_e6cc49,merchant_021,1908.07,2026-08-17T21:23:34,card,unknown,1,4.53,0.1878,0.0,0.0,3,0,0,WEBHOOK_AMBIGUITY
txn_000880_487a2b,merchant_037,6548.5,2026-08-17T21:54:22,card,unknown,1,6.47,0.0181,0.2199,0.1384,2,0,0,WEBHOOK_AMBIGUITY
txn_000770_3329a3,merchant_031,6182.28,2026-08-17T22:19:02,upi,insufficient_funds,1,6.25,0.0863,0.0209,0.0293,0,4,0,INSUFFICIENT_FUNDS
txn_001404_f53f11,merchant_018,61.74,2026-08-17T22:45:11,card,otp_timeout,0,1.56,0.2204,0.0913,0.0141,4,1,0,OTP_TIMEOUT
txn_000774_510cd6,merchant_016,1935.44,2026-08-17T22:48:26,upi,invalid_card,1,9.58,0.0243,0.0,0.0313,0,3,0,CARD_DECLINE
txn_000081_ae5229,merchant_003,320.62,2026-08-17T23:13:42,wallet,insufficient_funds,0,6.84,0.0827,0.0873,0.0128,2,4,0,INSUFFICIENT_FUNDS
txn_000565_9825c6,merchant_001,361.84,2026-08-17T23:46:05,card,session_expired,0,2.8,0.033,0.1019,0.0934,3,0,0,USER_ABANDONMENT
txn_000677_012a5b,merchant_006,1935.18,2026-08-18T00:00:13,upi,3ds_auth_failed,0,0.06,0.1086,0.0659,0.073,2,0,0,OTP_TIMEOUT
txn_000529_6baa02,merchant_008,3263.34,2026-08-18T00:04:58,wallet,invalid_card,0,0.32,0.0405,0.037,0.0851,3,3,0,CARD_DECLINE
txn_000112_8cacaf,merchant_011,16908.43,2026-08-18T00:23:32,card,insufficient_funds,1,1.95,0.0107,0.0355,0.0193,2,4,0,INSUFFICIENT_FUNDS
txn_000336_250a03,merchant_005,50462.06,2026-08-18T00:40:49,card,otp_timeout,1,2.45,0.0867,0.0,0.0806,4,1,0,OTP_TIMEOUT
txn_001451_d6f831,merchant_034,6356.62,2026-08-18T01:35:34,card,gateway_timeout,1,9.57,0.375,0.1543,0.0,5,2,0,WEBHOOK_AMBIGUITY
txn_001393_38db46,merchant_028,1061.97,2026-08-18T01:42:41,netbanking,card_expired,0,3.17,0.0405,0.0226,0.0135,2,3,0,CARD_DECLINE
txn_001399_94693d,merchant_031,593.13,2026-08-18T01:45:36,card,service_unavailable,1,1.93,0.4433,0.4545,0.4668,8,1,0,INFRASTRUCTURE
txn_001476_5fabe9,merchant_027,2155.95,2026-08-18T01:47:34,card,insufficient_funds,0,1.51,0.064,0.0036,0.0256,4,4,0,INSUFFICIENT_FUNDS
txn_001072_2480f9,merchant_025,8008.75,2026-08-18T02:39:05,card,session_expired,0,0.25,0.0728,0.1237,0.0744,5,2,0,USER_ABANDONMENT
txn_000441_4ec970,merchant_012,920.35,2026-08-18T02:55:57,card,insufficient_funds,1,1.4,0.0824,0.0,0.1057,3,1,1,INSUFFICIENT_FUNDS
txn_001065_f2ed70,merchant_006,1417.08,2026-08-18T03:07:14,wallet,internal_error,1,0.7,0.4021,0.4389,0.3879,6,1,0,INFRASTRUCTURE
txn_000138_40cf59,merchant_034,2684.48,2026-08-18T03:07:41,upi,session_expired,0,0.86,0.0021,0.0008,0.0898,6,2,0,USER_ABANDONMENT
txn_000332_fda008,merchant_040,726.51,2026-08-18T03:13:45,card,session_expired,0,0.28,0.0,0.0741,0.0,5,1,0,USER_ABANDONMENT
txn_000923_84407d,merchant_008,939.65,2026-08-18T03:32:52,netbanking,unknown,0,18.31,0.3127,0.0997,0.1859,6,0,0,WEBHOOK_AMBIGUITY
txn_000594_2745ea,merchant_007,345.42,2026-08-18T03:57:17,wallet,insufficient_funds,0,4.63,0.0849,0.0645,0.0396,1,1,1,INSUFFICIENT_FUNDS
txn_000148_c7e93f,merchant_033,1030.57,2026-08-18T04:11:20,wallet,invalid_card,2,0.53,0.0158,0.1269,0.0279,2,6,0,CARD_DECLINE
txn_001082_825a6e,merchant_003,311.21,2026-08-18T05:10:16,card,invalid_card,2,3.81,0.1221,0.0589,0.0738,3,0,0,CARD_DECLINE
txn_000888_7bcf0c,merchant_033,348.23,2026-08-18T05:12:48,netbanking,service_unavailable,0,2.5,0.6922,0.2084,0.5488,2,2,0,INFRASTRUCTURE
txn_001054_5ebbf6,merchant_022,227.01,2026-08-18T05:24:03,upi,otp_timeout,0,2.26,0.2643,0.0121,0.0872,7,1,0,OTP_TIMEOUT
txn_001352_e868be,merchant_011,612.76,2026-08-18T05:58:30,upi,insufficient_funds,0,4.35,0.07,0.0769,0.0601,3,5,0,INSUFFICIENT_FUNDS
txn_001423_c9d686,merchant_035,3041.45,2026-08-18T06:03:33,upi,user_cancelled,0,4.88,0.0036,0.0895,0.0372,4,1,0,USER_ABANDONMENT
txn_000622_b384fc,merchant_040,4597.11,2026-08-18T06:23:46,upi,insufficient_funds,1,0.87,0.0,0.0407,0.1151,1,3,0,INSUFFICIENT_FUNDS
txn_001137_5688ad,merchant_003,36867.42,2026-08-18T06:38:29,upi,internal_error,0,4.34,0.5849,0.6779,0.5644,2,0,0,INFRASTRUCTURE
txn_000364_32c112,merchant_001,1706.07,2026-08-18T07:30:36,card,gateway_timeout,1,8.68,0.7777,0.4255,0.4293,4,1,1,INFRASTRUCTURE
txn_001378_3a8044,merchant_026,3673.36,2026-08-18T07:33:11,card,service_unavailable,1,5.6,0.4915,0.6926,0.113,10,0,0,INFRASTRUCTURE
txn_000881_4be672,merchant_039,1110.7,2026-08-18T07:38:13,netbanking,unknown,0,16.2,0.18,0.2363,0.1847,7,0,0,WEBHOOK_AMBIGUITY
txn_000834_dda4c1,merchant_013,383.64,2026-08-18T07:56:56,card,card_expired,1,0.76,0.0,0.1377,0.0637,3,3,0,CARD_DECLINE
txn_000129_249d79,merchant_040,648.72,2026-08-18T08:41:17,card,insufficient_funds,0,1.51,0.0682,0.0849,0.0888,0,3,0,INSUFFICIENT_FUNDS
txn_001286_684d7d,merchant_021,1485.23,2026-08-18T09:13:17,upi,gateway_timeout,0,0.16,0.3692,0.4155,0.6282,2,1,0,INFRASTRUCTURE
txn_001332_ef0918,merchant_033,1455.48,2026-08-18T09:18:38,wallet,3ds_auth_failed,0,0.54,0.1572,0.0253,0.0773,3,0,0,OTP_TIMEOUT
txn_000649_5047c7,merchant_030,333.41,2026-08-18T09:22:45,card,insufficient_funds,0,1.13,0.0676,0.022,0.0042,2,2,0,INSUFFICIENT_FUNDS
txn_000530_7c17b1,merchant_006,8823.76,2026-08-18T09:28:31,upi,issuer_declined,0,1.52,0.0693,0.0466,0.1572,3,0,0,CARD_DECLINE
txn_001047_5fb8dc,merchant_007,1872.74,2026-08-18T09:39:20,card,issuer_declined,2,5.08,0.0637,0.0197,0.0444,3,2,0,CARD_DECLINE
txn_000619_f2d67d,merchant_025,10434.96,2026-08-18T10:10:02,upi,insufficient_funds,0,3.58,0.0417,0.0,0.0649,4,4,0,INSUFFICIENT_FUNDS
txn_000141_d7e152,merchant_011,2522.23,2026-08-18T10:30:42,upi,issuer_declined,0,0.45,0.0615,0.0499,0.0806,4,1,0,CARD_DECLINE
txn_001259_c02260,merchant_007,255.01,2026-08-18T10:35:54,netbanking,card_expired,1,2.57,0.0986,0.0864,0.0601,5,4,0,CARD_DECLINE
txn_000219_616170,merchant_022,478.65,2026-08-18T11:00:45,upi,otp_timeout,0,0.82,0.1283,0.0,0.0504,7,0,0,OTP_TIMEOUT
txn_001147_3fb268,merchant_028,2664.03,2026-08-18T12:00:28,upi,internal_error,1,6.75,0.5562,0.4004,0.2732,7,1,0,INFRASTRUCTURE
txn_000765_c351e1,merchant_022,1061.4,2026-08-18T12:04:07,netbanking,insufficient_funds,1,2.93,0.0,0.0122,0.0189,4,2,0,INSUFFICIENT_FUNDS
txn_000210_0b24ee,merchant_021,460.24,2026-08-18T12:07:57,upi,session_expired,0,1.62,0.0183,0.0781,0.0321,8,2,0,USER_ABANDONMENT
txn_000079_5e1c72,merchant_015,3031.83,2026-08-18T12:55:15,netbanking,gateway_timeout,1,19.48,0.1955,0.2922,0.0835,2,0,0,WEBHOOK_AMBIGUITY
txn_000052_a77cd7,merchant_003,746.66,2026-08-18T12:56:38,upi,card_expired,1,0.85,0.0551,0.0426,0.0251,1,2,0,CARD_DECLINE
txn_001338_009534,merchant_029,1723.65,2026-08-18T12:58:04,wallet,insufficient_funds,0,0.92,0.0562,0.0858,0.085,2,1,0,INSUFFICIENT_FUNDS
txn_001006_9a9210,merchant_001,608.26,2026-08-18T13:01:11,wallet,service_unavailable,1,14.95,0.5231,0.4588,0.3971,4,0,0,INFRASTRUCTURE
txn_000596_672ee4,merchant_033,6531.54,2026-08-18T13:06:20,netbanking,service_unavailable,0,2.87,0.6647,0.5764,0.5514,5,0,0,INFRASTRUCTURE
txn_000227_17cbb7,merchant_030,1786.57,2026-08-18T13:18:15,card,issuer_declined,1,0.66,0.0948,0.0637,0.1072,2,2,0,CARD_DECLINE
txn_001201_b1f902,merchant_007,849.57,2026-08-18T13:26:40,wallet,unknown,1,9.31,0.4216,0.1491,0.2986,7,0,0,WEBHOOK_AMBIGUITY
txn_001145_29d961,merchant_040,1090.35,2026-08-18T13:46:07,upi,user_cancelled,0,1.52,0.1284,0.0,0.0562,6,0,0,USER_ABANDONMENT
txn_001287_87a0ba,merchant_018,1982.06,2026-08-18T13:54:15,upi,issuer_declined,2,4.56,0.0159,0.0731,0.0752,2,1,0,CARD_DECLINE
txn_000918_7c57e0,merchant_006,8530.85,2026-08-18T15:36:23,netbanking,session_expired,0,2.62,0.0563,0.0,0.0662,5,0,0,USER_ABANDONMENT
txn_000153_e2fafd,merchant_030,353.5,2026-08-18T15:55:28,upi,gateway_timeout,0,3.67,0.4689,0.4076,0.4142,7,1,0,INFRASTRUCTURE
txn_000319_fa4fbb,merchant_033,3480.19,2026-08-18T16:17:20,wallet,user_cancelled,0,0.22,0.0723,0.1075,0.0734,6,2,0,USER_ABANDONMENT
txn_000631_88d1b9,merchant_017,273.08,2026-08-18T17:12:35,upi,unknown,0,11.25,0.2524,0.1049,0.1434,4,0,0,WEBHOOK_AMBIGUITY
txn_000367_697268,merchant_015,2335.23,2026-08-18T17:45:46,upi,invalid_card,2,3.08,0.0582,0.0987,0.0543,0,5,0,CARD_DECLINE
txn_000944_b9dee3,merchant_017,1987.53,2026-08-18T19:01:10,netbanking,session_expired,0,1.03,0.0482,0.0332,0.1144,3,0,1,USER_ABANDONMENT
txn_000976_bce980,merchant_027,778.77,2026-08-18T19:08:25,upi,otp_timeout,1,0.58,0.2272,0.0396,0.0955,4,0,0,OTP_TIMEOUT
txn_000087_aa6a27,merchant_031,325.87,2026-08-18T19:18:35,wallet,session_expired,0,2.31,0.037,0.092,0.0458,5,0,0,USER_ABANDONMENT
txn_000985_f33fe5,merchant_017,1076.8,2026-08-18T19:45:39,card,unknown,1,14.84,0.1251,0.192,0.1268,2,1,0,WEBHOOK_AMBIGUITY
txn_000105_edc91d,merchant_013,10827.08,2026-08-18T19:47:28,netbanking,otp_timeout,1,0.08,0.1422,0.0,0.091,6,1,0,OTP_TIMEOUT
txn_001026_ba9f35,merchant_021,1889.03,2026-08-18T19:54:27,netbanking,otp_timeout,0,3.26,0.2734,0.0041,0.0244,8,1,0,OTP_TIMEOUT
txn_000544_e738c8,merchant_031,5556.58,2026-08-18T20:40:20,wallet,insufficient_funds,1,0.62,0.1473,0.081,0.0,2,2,0,INSUFFICIENT_FUNDS
txn_000875_c8a9d3,merchant_009,478.83,2026-08-18T22:51:45,netbanking,otp_timeout,0,0.58,0.2237,0.0504,0.0902,3,1,0,OTP_TIMEOUT
txn_001327_9e412d,merchant_011,353.12,2026-08-18T23:09:46,upi,invalid_card,1,0.38,0.1026,0.0396,0.1065,0,1,0,CARD_DECLINE
txn_000209_71cffc,merchant_010,2898.43,2026-08-18T23:40:26,upi,internal_error,1,8.24,0.5113,0.3749,0.1788,5,0,0,INFRASTRUCTURE
txn_000238_1dabc4,merchant_024,585.55,2026-08-18T23:47:43,wallet,3ds_auth_failed,1,1.55,0.1279,0.0,0.0488,4,0,0,OTP_TIMEOUT
txn_000259_e6fa81,merchant_036,2582.4,2026-08-18T23:48:36,netbanking,gateway_timeout,0,4.53,0.6053,0.3905,0.6535,8,0,0,INFRASTRUCTURE
txn_001390_acaf5c,merchant_021,7452.54,2026-08-19T01:15:32,card,unknown,0,12.05,0.2686,0.0,0.0519,9,0,0,WEBHOOK_AMBIGUITY
txn_000167_3ee7ad,merchant_037,1687.56,2026-08-19T01:16:43,card,invalid_card,0,1.42,0.0652,0.0132,0.0,1,2,0,CARD_DECLINE
txn_000946_ceae45,merchant_032,1109.76,2026-08-19T01:30:21,netbanking,invalid_card,2,6.83,0.0767,0.0,0.0,0,4,0,CARD_DECLINE
txn_000356_88dc94,merchant_011,10270.11,2026-08-19T01:31:48,wallet,invalid_card,2,1.2,0.1549,0.0,0.1006,1,0,0,CARD_DECLINE
txn_000019_7a1ea2,merchant_023,2891.81,2026-08-19T01:48:08,card,3ds_auth_failed,0,0.17,0.0672,0.141,0.0,6,1,0,OTP_TIMEOUT
txn_001231_5e36f6,merchant_029,272.27,2026-08-19T02:13:29,upi,otp_timeout,0,0.51,0.0,0.0,0.0459,8,0,0,OTP_TIMEOUT
txn_001302_dfa304,merchant_014,2033.57,2026-08-19T02:39:55,wallet,issuer_declined,1,4.52,0.0478,0.1147,0.0123,3,0,0,CARD_DECLINE
txn_000130_19fd27,merchant_015,1099.45,2026-08-19T02:43:26,card,service_unavailable,1,6.84,0.5512,0.3015,0.6403,6,0,0,INFRASTRUCTURE
txn_001119_879cea,merchant_006,2183.36,2026-08-19T02:59:11,wallet,session_expired,0,5.38,0.0187,0.0302,0.1048,3,0,0,USER_ABANDONMENT
txn_000361_ea4c18,merchant_029,1520.03,2026-08-19T03:11:59,netbanking,session_expired,0,1.78,0.0232,0.0711,0.0,4,1,0,USER_ABANDONMENT
txn_000137_a4f3f8,merchant_002,1656.93,2026-08-19T03:30:38,wallet,insufficient_funds,1,0.48,0.1275,0.0282,0.0954,1,1,0,INSUFFICIENT_FUNDS
txn_000591_e9444c,merchant_027,434.85,2026-08-19T04:01:49,card,issuer_declined,0,0.23,0.0232,0.0567,0.0977,3,2,0,CARD_DECLINE
txn_001394_00fa52,merchant_039,369.65,2026-08-19T04:14:08,netbanking,unknown,0,6.61,0.044,0.0,0.0475,3,3,0,WEBHOOK_AMBIGUITY
txn_000218_4d59c9,merchant_008,654.44,2026-08-19T04:53:18,wallet,gateway_timeout,1,13.33,0.1635,0.2512,0.0349,5,0,0,WEBHOOK_AMBIGUITY
txn_000165_3d53d5,merchant_031,648.2,2026-08-19T04:58:30,upi,insufficient_funds,1,0.58,0.0,0.0344,0.0848,2,1,0,INSUFFICIENT_FUNDS
txn_000845_0ae289,merchant_011,743.33,2026-08-19T05:14:52,upi,session_expired,0,0.69,0.1042,0.0428,0.0031,9,1,0,USER_ABANDONMENT
txn_000315_c8d070,merchant_003,1291.08,2026-08-19T05:15:39,wallet,internal_error,0,4.61,0.4189,0.4606,0.4594,5,1,0,INFRASTRUCTURE
txn_000959_30fb70,merchant_005,2433.8,2026-08-19T06:17:47,wallet,internal_error,0,8.21,0.5912,0.4309,0.4146,4,0,0,INFRASTRUCTURE
txn_000724_3780cc,merchant_038,1451.96,2026-08-19T06:24:14,card,service_unavailable,1,3.0,0.3028,0.56,0.5383,3,0,0,INFRASTRUCTURE
txn_000835_c56a64,merchant_014,6867.81,2026-08-19T06:57:25,netbanking,insufficient_funds,0,1.17,0.0669,0.0372,0.0806,3,3,0,INSUFFICIENT_FUNDS
txn_000462_e5b2f0,merchant_034,2319.69,2026-08-19T07:28:15,upi,session_expired,0,0.35,0.0,0.0526,0.0,9,0,0,USER_ABANDONMENT
txn_001046_fc2090,merchant_037,406.14,2026-08-19T08:07:06,upi,insufficient_funds,0,0.66,0.0477,0.0624,0.0,2,2,0,INSUFFICIENT_FUNDS
txn_000593_41369b,merchant_034,2470.64,2026-08-19T08:08:03,card,gateway_timeout,1,19.64,0.3539,0.236,0.0394,5,1,0,WEBHOOK_AMBIGUITY
txn_000706_1954f4,merchant_033,384.16,2026-08-19T08:08:51,card,invalid_card,1,1.07,0.0547,0.0168,0.0568,1,1,0,CARD_DECLINE
txn_001241_b1e496,merchant_031,1057.53,2026-08-19T08:11:45,wallet,session_expired,0,0.69,0.0586,0.0763,0.081,5,2,0,USER_ABANDONMENT
txn_000491_7bd911,merchant_025,199.09,2026-08-19T08:20:18,netbanking,session_expired,0,1.72,0.0066,0.0895,0.0277,6,1,0,USER_ABANDONMENT
txn_000517_2f258f,merchant_014,8990.58,2026-08-19T08:26:26,netbanking,insufficient_funds,1,4.25,0.0113,0.0055,0.0251,3,2,0,INSUFFICIENT_FUNDS
txn_001419_c4573e,merchant_002,594.04,2026-08-19T08:48:24,upi,issuer_declined,1,4.21,0.0,0.0087,0.1508,2,1,0,CARD_DECLINE
txn_000993_3e33a0,merchant_026,8157.72,2026-08-19T08:54:07,card,gateway_timeout,1,30.35,0.1543,0.2435,0.0075,3,0,0,WEBHOOK_AMBIGUITY
txn_000066_639b88,merchant_015,1301.71,2026-08-19T09:02:32,netbanking,session_expired,0,5.69,0.0,0.0,0.0398,4,0,0,USER_ABANDONMENT
txn_001175_72427b,merchant_001,742.54,2026-08-19T09:04:47,wallet,invalid_card,0,0.53,0.0,0.0297,0.061,2,3,0,CARD_DECLINE
txn_001084_b8f343,merchant_004,1642.56,2026-08-19T09:08:15,netbanking,insufficient_funds,0,0.86,0.0521,0.0672,0.1049,2,1,0,INSUFFICIENT_FUNDS
txn_000323_6eb285,merchant_024,340.7,2026-08-19T09:18:47,netbanking,unknown,0,16.85,0.3555,0.2758,0.1649,2,1,0,WEBHOOK_AMBIGUITY
txn_000680_8a1d38,merchant_015,1007.23,2026-08-19T09:24:11,netbanking,insufficient_funds,0,0.21,0.0176,0.0794,0.0713,3,3,0,INSUFFICIENT_FUNDS
txn_000247_b0468f,merchant_017,904.47,2026-08-19T10:28:06,netbanking,internal_error,0,6.64,0.3952,0.0577,0.4387,2,1,1,INFRASTRUCTURE
txn_001357_92cf4b,merchant_027,382.76,2026-08-19T10:41:06,card,gateway_timeout,1,20.78,0.1299,0.0,0.0,3,1,0,WEBHOOK_AMBIGUITY
txn_001176_7b779b,merchant_020,618.73,2026-08-19T10:59:34,netbanking,gateway_timeout,0,4.79,0.4942,0.5426,0.509,6,4,0,INFRASTRUCTURE
txn_000192_8a01f5,merchant_012,1442.65,2026-08-19T11:00:01,upi,otp_timeout,0,10.65,0.1057,0.0372,0.0,6,1,0,OTP_TIMEOUT
txn_000064_9e0eb0,merchant_031,9805.26,2026-08-19T11:03:02,netbanking,gateway_timeout,0,8.34,0.4752,0.3229,0.3596,7,1,0,INFRASTRUCTURE
txn_000309_bb0922,merchant_023,1268.91,2026-08-19T11:08:09,wallet,internal_error,1,7.57,0.3723,0.1097,0.3928,9,0,0,INFRASTRUCTURE
txn_000075_96fc91,merchant_018,3348.38,2026-08-19T12:07:44,card,service_unavailable,1,2.51,0.5339,0.1974,0.652,3,0,1,INFRASTRUCTURE
txn_000987_0239e0,merchant_020,16148.49,2026-08-19T12:52:51,wallet,internal_error,1,5.77,0.8315,0.4386,0.5896,5,0,0,INFRASTRUCTURE
txn_000999_8c3a5a,merchant_007,1593.91,2026-08-19T14:07:55,netbanking,issuer_declined,1,1.59,0.0531,0.0472,0.0411,1,3,0,CARD_DECLINE
txn_001371_3e079a,merchant_029,18018.88,2026-08-19T14:14:16,upi,session_expired,0,6.56,0.0,0.0197,0.0513,3,0,0,USER_ABANDONMENT
txn_001458_fae990,merchant_016,636.31,2026-08-19T15:13:22,wallet,issuer_declined,2,0.75,0.0172,0.0629,0.0,2,3,0,CARD_DECLINE
txn_000198_90384f,merchant_016,399.6,2026-08-19T15:41:32,netbanking,unknown,0,5.09,0.3386,0.2762,0.1695,6,2,0,WEBHOOK_AMBIGUITY
txn_000758_d37f4a,merchant_036,477.66,2026-08-19T15:51:22,netbanking,issuer_declined,2,7.63,0.0914,0.0,0.0354,1,5,0,CARD_DECLINE
txn_000495_55b283,merchant_037,1091.41,2026-08-19T16:25:27,netbanking,unknown,1,19.15,0.2549,0.3886,0.2062,4,0,0,WEBHOOK_AMBIGUITY
txn_001238_ce73ec,merchant_012,2943.72,2026-08-19T16:29:46,upi,service_unavailable,0,7.66,0.9373,0.3921,0.5038,2,0,0,INFRASTRUCTURE
txn_001163_9af558,merchant_031,1270.77,2026-08-19T16:51:46,upi,session_expired,0,0.34,0.015,0.0,0.0,7,0,0,USER_ABANDONMENT
txn_000383_628ccc,merchant_001,817.16,2026-08-19T17:07:44,card,user_cancelled,0,1.37,0.126,0.0261,0.0451,8,1,0,USER_ABANDONMENT
txn_000906_96edc8,merchant_013,2131.47,2026-08-19T17:32:14,wallet,internal_error,0,0.26,0.4211,0.3471,0.3263,7,1,0,INFRASTRUCTURE
txn_000983_1a08a8,merchant_034,2706.46,2026-08-19T17:54:27,netbanking,gateway_timeout,1,22.56,0.3882,0.377,0.0361,4,1,0,WEBHOOK_AMBIGUITY
txn_000507_b26cdc,merchant_003,787.45,2026-08-19T18:03:33,wallet,session_expired,0,0.51,0.1864,0.0742,0.0,6,0,0,USER_ABANDONMENT
txn_000658_ddd987,merchant_006,1473.27,2026-08-19T18:19:41,wallet,insufficient_funds,1,1.66,0.0594,0.0555,0.068,3,0,0,INSUFFICIENT_FUNDS
txn_000675_8c55ba,merchant_026,1190.31,2026-08-19T18:55:15,card,user_cancelled,0,8.5,0.0354,0.0624,0.0685,4,1,0,USER_ABANDONMENT
txn_001392_fa5236,merchant_040,900.06,2026-08-19T19:00:51,upi,session_expired,0,0.66,0.112,0.0829,0.0537,8,0,0,USER_ABANDONMENT
txn_000662_299ca4,merchant_022,941.46,2026-08-19T19:20:30,netbanking,otp_timeout,1,5.18,0.0746,0.0,0.0965,11,0,0,OTP_TIMEOUT
txn_001254_e7f503,merchant_035,1541.33,2026-08-19T19:26:23,upi,invalid_card,1,0.7,0.0,0.0215,0.0498,4,5,0,CARD_DECLINE
txn_000998_1343c3,merchant_013,2248.27,2026-08-19T19:30:33,card,issuer_declined,2,0.79,0.0705,0.0,0.0,2,6,0,CARD_DECLINE
txn_000909_84318b,merchant_017,3574.79,2026-08-19T19:42:37,card,session_expired,0,1.33,0.0211,0.0,0.0756,8,1,0,USER_ABANDONMENT
txn_000690_208cf4,merchant_023,917.0,2026-08-19T19:45:54,netbanking,invalid_card,0,4.71,0.114,0.0,0.0307,3,9,0,CARD_DECLINE
txn_000912_3c8ee6,merchant_016,157.4,2026-08-19T19:52:51,upi,service_unavailable,0,2.77,0.5116,0.4096,0.382,9,3,0,INFRASTRUCTURE
txn_001080_33906c,merchant_014,4417.52,2026-08-19T19:57:35,wallet,invalid_card,0,6.06,0.0323,0.032,0.0536,2,3,0,CARD_DECLINE
txn_000024_8409c3,merchant_025,355.63,2026-08-19T20:06:17,wallet,issuer_declined,2,0.43,0.041,0.0598,0.0343,0,0,0,CARD_DECLINE
txn_001225_e0bf68,merchant_018,4207.45,2026-08-19T20:16:35,netbanking,3ds_auth_failed,1,0.92,0.059,0.0,0.0734,2,0,0,OTP_TIMEOUT
txn_000588_4b86ff,merchant_008,327.81,2026-08-19T20:31:19,upi,user_cancelled,0,1.86,0.1014,0.1311,0.0179,4,1,0,USER_ABANDONMENT
txn_000298_f805f9,merchant_032,2632.05,2026-08-19T21:41:37,card,gateway_timeout,0,11.62,0.7013,0.366,0.2247,6,0,0,WEBHOOK_AMBIGUITY
txn_000460_7b1b8a,merchant_017,11159.72,2026-08-19T22:06:30,upi,issuer_declined,0,0.69,0.0853,0.1593,0.0487,2,5,0,CARD_DECLINE
txn_000748_f4f720,merchant_016,1738.7,2026-08-19T22:11:43,upi,insufficient_funds,0,1.34,0.101,0.0,0.0,1,1,0,INSUFFICIENT_FUNDS
txn_001086_075731,merchant_017,1569.84,2026-08-19T22:18:58,wallet,3ds_auth_failed,1,0.5,0.1181,0.1141,0.0879,3,0,0,OTP_TIMEOUT
txn_001187_9e88af,merchant_035,8192.07,2026-08-19T22:24:54,card,otp_timeout,0,0.71,0.0878,0.0179,0.0493,2,0,0,OTP_TIMEOUT
txn_000718_4be86e,merchant_023,6425.16,2026-08-19T22:49:07,netbanking,invalid_card,2,2.62,0.0325,0.0943,0.1149,3,2,0,CARD_DECLINE
txn_000155_9b9011,merchant_022,4291.96,2026-08-19T23:22:46,upi,service_unavailable,0,5.0,0.5122,0.5993,0.2046,6,2,0,INFRASTRUCTURE
txn_000576_566e42,merchant_039,3678.85,2026-08-19T23:48:47,netbanking,internal_error,1,7.32,0.5864,0.2644,0.6577,3,3,0,INFRASTRUCTURE
txn_000417_87d478,merchant_034,2778.47,2026-08-20T00:42:55,netbanking,otp_timeout,1,0.57,0.1283,0.0602,0.0464,1,0,0,OTP_TIMEOUT
txn_000563_5031b4,merchant_004,3551.19,2026-08-20T00:43:54,netbanking,gateway_timeout,0,6.57,0.3444,0.1006,0.0096,4,0,0,WEBHOOK_AMBIGUITY
txn_001149_c183ab,merchant_005,1894.09,2026-08-20T01:13:06,upi,issuer_declined,1,4.72,0.0,0.0149,0.0487,3,4,0,CARD_DECLINE
txn_000668_76a6c4,merchant_032,2176.29,2026-08-20T01:36:08,card,insufficient_funds,0,8.15,0.1257,0.0203,0.0263,3,2,0,INSUFFICIENT_FUNDS
txn_001467_e4f738,merchant_001,1130.96,2026-08-20T01:50:23,wallet,insufficient_funds,0,2.38,0.0538,0.0445,0.0363,3,6,0,INSUFFICIENT_FUNDS
txn_000427_036422,merchant_039,3252.89,2026-08-20T02:08:09,netbanking,internal_error,0,7.47,0.4153,0.4167,0.4148,2,0,0,INFRASTRUCTURE
txn_001073_572a3d,merchant_034,773.31,2026-08-20T02:12:00,netbanking,card_expired,0,1.06,0.039,0.0108,0.0482,1,3,0,CARD_DECLINE
txn_000059_4cb91a,merchant_014,4321.18,2026-08-20T02:48:17,upi,insufficient_funds,0,1.98,0.0,0.0318,0.0514,3,5,0,INSUFFICIENT_FUNDS
txn_000406_ce492b,merchant_009,1678.29,2026-08-20T03:16:09,netbanking,invalid_card,0,1.16,0.0292,0.0024,0.0,1,4,0,CARD_DECLINE
txn_001041_5dfff6,merchant_039,208.46,2026-08-20T03:21:50,netbanking,3ds_auth_failed,0,1.4,0.0881,0.0,0.0762,5,1,0,OTP_TIMEOUT
txn_000080_3e2427,merchant_027,543.16,2026-08-20T03:52:27,card,otp_timeout,0,1.53,0.2077,0.0291,0.0,6,0,0,OTP_TIMEOUT
txn_000147_dce7f1,merchant_032,9164.69,2026-08-20T03:53:12,upi,issuer_declined,1,1.43,0.1089,0.0051,0.0421,3,3,0,CARD_DECLINE
txn_001067_18b244,merchant_035,1350.69,2026-08-20T04:04:55,upi,invalid_card,0,2.61,0.1609,0.1187,0.0158,1,5,0,CARD_DECLINE
txn_000204_8191a2,merchant_030,614.23,2026-08-20T04:44:53,netbanking,invalid_card,2,0.7,0.0593,0.0779,0.0758,0,2,0,CARD_DECLINE
txn_000743_d3c13e,merchant_003,237.49,2026-08-20T05:06:43,card,service_unavailable,1,9.41,0.5007,0.7529,0.6197,3,0,0,INFRASTRUCTURE
txn_000199_ec7072,merchant_040,2191.7,2026-08-20T05:13:47,upi,invalid_card,0,1.72,0.1324,0.0409,0.0718,0,0,0,CARD_DECLINE
txn_000262_7b95bd,merchant_002,475.01,2026-08-20T05:43:49,card,card_expired,0,0.42,0.0,0.1866,0.0058,1,2,0,CARD_DECLINE
txn_001229_9d5a32,merchant_013,3808.66,2026-08-20T05:51:44,wallet,session_expired,0,1.26,0.0298,0.1064,0.0386,4,0,0,USER_ABANDONMENT
txn_000907_812ca2,merchant_003,456.85,2026-08-20T06:03:04,upi,insufficient_funds,0,0.71,0.0638,0.0394,0.0633,4,2,0,INSUFFICIENT_FUNDS
txn_001056_a1ef38,merchant_028,12939.33,2026-08-20T06:37:20,card,3ds_auth_failed,0,3.62,0.0,0.0911,0.0398,4,2,0,OTP_TIMEOUT
txn_001429_fbd6e7,merchant_017,293.14,2026-08-20T06:49:10,netbanking,internal_error,1,3.64,0.6366,0.2819,0.2301,6,0,0,INFRASTRUCTURE
txn_000493_0b4d2b,merchant_015,1036.92,2026-08-20T07:06:23,wallet,otp_timeout,1,1.06,0.0,0.098,0.0,4,0,0,OTP_TIMEOUT
txn_000171_5c3953,merchant_029,1367.58,2026-08-20T07:13:11,upi,unknown,1,7.19,0.2434,0.3084,0.0074,6,0,0,WEBHOOK_AMBIGUITY
txn_001277_db0684,merchant_012,28587.71,2026-08-20T07:39:00,card,invalid_card,1,3.26,0.0292,0.067,0.0829,2,4,0,CARD_DECLINE
txn_001350_8ad628,merchant_018,6541.99,2026-08-20T07:47:58,upi,insufficient_funds,1,0.25,0.0661,0.0436,0.0953,0,1,0,INSUFFICIENT_FUNDS
txn_000296_0f4aec,merchant_035,3915.14,2026-08-20T08:18:00,netbanking,invalid_card,0,0.67,0.0383,0.0,0.0342,3,1,0,CARD_DECLINE
txn_000394_4dca9e,merchant_020,2532.66,2026-08-20T08:51:21,card,issuer_declined,2,3.52,0.0119,0.0854,0.0,1,3,0,CARD_DECLINE
txn_000780_1c4612,merchant_021,1441.63,2026-08-20T09:01:12,netbanking,unknown,1,14.58,0.3238,0.1702,0.1833,7,0,0,WEBHOOK_AMBIGUITY
txn_001131_65a889,merchant_021,658.39,2026-08-20T10:05:29,upi,invalid_card,2,9.36,0.0683,0.1753,0.0335,5,2,0,CARD_DECLINE
txn_000696_6ef017,merchant_023,1477.46,2026-08-20T10:17:21,card,service_unavailable,0,4.23,0.4344,0.2295,0.2372,5,1,0,INFRASTRUCTURE
txn_000844_11d24c,merchant_013,824.76,2026-08-20T10:44:23,wallet,session_expired,0,0.06,0.1129,0.1069,0.0,2,0,0,USER_ABANDONMENT
txn_000354_9459ba,merchant_007,361.86,2026-08-20T11:22:17,card,insufficient_funds,0,1.28,0.0399,0.0687,0.0715,2,6,0,INSUFFICIENT_FUNDS
txn_000534_92d0b0,merchant_001,10039.61,2026-08-20T11:39:35,wallet,card_expired,1,0.71,0.1541,0.1125,0.0769,0,2,0,CARD_DECLINE
txn_000143_58f227,merchant_014,815.51,2026-08-20T12:15:26,wallet,user_cancelled,0,1.53,0.0772,0.0393,0.1257,0,0,0,USER_ABANDONMENT
txn_000605_78ed1e,merchant_016,3214.71,2026-08-20T12:17:38,card,insufficient_funds,0,1.74,0.0751,0.0651,0.0,3,1,0,INSUFFICIENT_FUNDS
txn_000113_d8c153,merchant_021,715.99,2026-08-20T12:17:52,wallet,internal_error,0,5.76,0.4498,0.2551,0.5283,2,1,0,INFRASTRUCTURE
txn_001134_ae2a8a,merchant_021,5724.59,2026-08-20T13:51:31,upi,insufficient_funds,1,0.43,0.1461,0.0466,0.0951,1,2,0,INSUFFICIENT_FUNDS
txn_000898_05c069,merchant_024,536.97,2026-08-20T14:30:03,netbanking,service_unavailable,0,11.12,0.7049,0.3859,0.2407,1,0,0,INFRASTRUCTURE
txn_000949_2f8c41,merchant_029,3059.37,2026-08-20T15:38:30,wallet,card_expired,1,0.6,0.1118,0.1375,0.1086,6,2,0,CARD_DECLINE
txn_000149_d35c38,merchant_034,6095.15,2026-08-20T15:44:10,card,issuer_declined,2,0.5,0.0207,0.0794,0.0112,2,3,0,CARD_DECLINE
txn_001221_7baecd,merchant_005,2536.0,2026-08-20T15:49:42,wallet,gateway_timeout,1,3.99,0.4488,0.2444,0.0772,1,0,0,WEBHOOK_AMBIGUITY
txn_001106_58cb96,merchant_017,116.33,2026-08-20T16:12:22,wallet,otp_timeout,1,0.06,0.108,0.1003,0.1373,3,0,0,OTP_TIMEOUT
txn_000176_86b463,merchant_010,374.8,2026-08-20T16:15:20,card,insufficient_funds,0,0.08,0.0094,0.0618,0.1146,1,0,0,INSUFFICIENT_FUNDS
txn_000598_0c4039,merchant_017,3530.13,2026-08-20T16:36:59,wallet,insufficient_funds,0,2.85,0.0758,0.0392,0.0912,1,2,0,INSUFFICIENT_FUNDS
txn_001290_0154f0,merchant_022,523.67,2026-08-20T17:34:46,wallet,card_expired,2,4.31,0.117,0.0426,0.0645,3,0,0,CARD_DECLINE
txn_000240_666e4e,merchant_033,2346.49,2026-08-20T17:45:04,wallet,insufficient_funds,0,0.98,0.0777,0.0433,0.052,4,1,0,INSUFFICIENT_FUNDS
txn_000699_223e68,merchant_026,224.1,2026-08-20T17:49:37,upi,internal_error,0,2.18,0.531,0.3624,0.7338,4,1,0,INFRASTRUCTURE
txn_000443_bf0388,merchant_024,995.89,2026-08-20T17:58:24,card,insufficient_funds,0,2.46,0.0998,0.0788,0.0,4,6,0,INSUFFICIENT_FUNDS
txn_001123_bd81e4,merchant_027,1465.49,2026-08-20T18:24:28,card,card_expired,2,0.12,0.1481,0.0372,0.0415,4,3,0,CARD_DECLINE
txn_001125_22b111,merchant_026,2347.12,2026-08-20T18:32:12,upi,gateway_timeout,0,2.47,0.5196,0.3711,0.4883,4,0,0,INFRASTRUCTURE
txn_001202_8d718a,merchant_019,3624.34,2026-08-20T18:42:25,netbanking,insufficient_funds,1,1.53,0.0382,0.0,0.0822,1,3,0,INSUFFICIENT_FUNDS
txn_000378_2a8c68,merchant_013,777.67,2026-08-20T18:45:47,upi,insufficient_funds,0,0.09,0.0328,0.0901,0.0976,4,3,0,INSUFFICIENT_FUNDS
txn_001447_fe1c8e,merchant_021,673.98,2026-08-20T18:52:33,wallet,card_expired,0,0.09,0.0516,0.0,0.0359,3,3,0,CARD_DECLINE
txn_000109_5c7f0c,merchant_014,567.74,2026-08-20T19:03:16,wallet,invalid_card,1,3.99,0.1302,0.0483,0.0229,3,1,0,CARD_DECLINE
txn_001050_941887,merchant_039,6579.92,2026-08-20T19:07:03,card,insufficient_funds,1,0.95,0.0345,0.0309,0.0566,3,3,0,INSUFFICIENT_FUNDS
txn_000440_6add4e,merchant_009,740.79,2026-08-20T19:50:23,netbanking,user_cancelled,0,0.41,0.0781,0.0985,0.0,4,1,0,USER_ABANDONMENT
txn_000989_5864d7,merchant_010,777.39,2026-08-20T19:56:45,card,service_unavailable,1,4.23,0.4704,0.3919,0.3995,7,0,0,INFRASTRUCTURE
txn_000945_a11490,merchant_021,5604.84,2026-08-20T20:04:06,netbanking,gateway_timeout,1,10.7,0.2882,0.3505,0.3503,5,2,0,INFRASTRUCTURE
txn_000136_3ee10f,merchant_034,191.08,2026-08-20T21:08:09,upi,3ds_auth_failed,1,0.61,0.0246,0.0,0.0358,5,1,0,OTP_TIMEOUT
txn_000442_905571,merchant_035,1200.37,2026-08-20T21:29:37,netbanking,card_expired,0,3.99,0.1561,0.0641,0.0977,2,0,0,CARD_DECLINE
txn_001245_1e314b,merchant_037,1706.4,2026-08-20T21:34:34,netbanking,gateway_timeout,1,4.4,0.6466,0.3189,0.3059,8,0,0,INFRASTRUCTURE
txn_000011_a0d9cd,merchant_001,155.21,2026-08-20T21:39:23,card,gateway_timeout,0,10.78,0.1665,0.1788,0.199,2,0,0,WEBHOOK_AMBIGUITY
txn_000892_67291d,merchant_037,1980.25,2026-08-20T21:54:25,card,session_expired,0,0.02,0.0243,0.0105,0.0383,4,0,0,USER_ABANDONMENT
txn_000836_965c4b,merchant_037,481.81,2026-08-20T22:38:53,upi,unknown,1,8.39,0.2773,0.2974,0.1677,3,1,0,WEBHOOK_AMBIGUITY
txn_001457_8cc277,merchant_037,4448.69,2026-08-20T22:45:08,upi,user_cancelled,0,2.44,0.1039,0.0568,0.0238,11,1,0,USER_ABANDONMENT
txn_001321_5c4541,merchant_011,436.72,2026-08-20T22:50:07,upi,card_expired,1,1.77,0.0,0.0577,0.0,4,3,0,CARD_DECLINE
txn_001358_bf974a,merchant_003,1316.16,2026-08-20T23:04:47,netbanking,card_expired,2,0.86,0.1297,0.133,0.0207,0,4,0,CARD_DECLINE
txn_001418_e7de49,merchant_004,1858.02,2026-08-20T23:08:00,card,insufficient_funds,0,0.04,0.0065,0.0782,0.0,3,3,0,INSUFFICIENT_FUNDS
txn_000731_99c145,merchant_018,2539.51,2026-08-20T23:27:09,card,card_expired,1,0.56,0.1323,0.0776,0.0763,2,2,0,CARD_DECLINE
txn_000338_7cc50b,merchant_039,3212.65,2026-08-20T23:49:59,card,session_expired,0,3.2,0.04,0.0475,0.0501,3,0,0,USER_ABANDONMENT
txn_000206_e27f47,merchant_018,1713.13,2026-08-20T23:57:07,card,card_expired,2,0.22,0.0903,0.0,0.0815,1,0,0,CARD_DECLINE
txn_001439_5385f5,merchant_021,1006.26,2026-08-21T00:32:07,netbanking,invalid_card,2,1.46,0.1197,0.0739,0.0248,2,2,0,CARD_DECLINE
txn_001104_fc3eea,merchant_032,1870.09,2026-08-21T00:35:05,card,gateway_timeout,1,8.31,0.5102,0.2284,0.4807,7,2,0,INFRASTRUCTURE
txn_000318_e494de,merchant_030,4153.88,2026-08-21T00:48:18,wallet,gateway_timeout,0,5.39,0.6107,0.2174,0.2175,6,1,0,WEBHOOK_AMBIGUITY
txn_000390_ca86cb,merchant_036,9709.78,2026-08-21T00:50:44,wallet,service_unavailable,1,3.23,0.3712,0.3318,0.3254,4,2,0,INFRASTRUCTURE
txn_000488_8a8997,merchant_011,763.29,2026-08-21T01:08:13,netbanking,issuer_declined,0,1.14,0.0026,0.0351,0.0321,2,3,0,CARD_DECLINE
txn_000127_745121,merchant_011,1169.46,2026-08-21T01:35:54,upi,gateway_timeout,1,7.88,0.2372,0.4456,0.387,3,0,0,INFRASTRUCTURE
txn_000420_3b4273,merchant_030,1397.32,2026-08-21T01:46:57,netbanking,unknown,0,9.85,0.37,0.1955,0.0,2,1,0,WEBHOOK_AMBIGUITY
txn_001344_292c6f,merchant_014,1183.46,2026-08-21T02:08:46,upi,internal_error,0,6.93,0.3674,0.665,0.4874,6,2,0,INFRASTRUCTURE
txn_001117_19253c,merchant_032,7139.72,2026-08-21T03:09:39,wallet,3ds_auth_failed,1,0.95,0.1957,0.0,0.0413,5,2,0,OTP_TIMEOUT
txn_000975_71d1a3,merchant_012,4639.98,2026-08-21T03:32:41,upi,insufficient_funds,0,0.12,0.0448,0.04,0.0556,1,1,0,INSUFFICIENT_FUNDS
txn_000905_a2798b,merchant_013,1471.39,2026-08-21T03:50:18,card,invalid_card,1,0.78,0.0481,0.0,0.0431,0,5,0,CARD_DECLINE
txn_001090_46ebf0,merchant_026,1114.49,2026-08-21T03:51:39,card,insufficient_funds,1,1.14,0.0025,0.0905,0.0491,0,1,0,INSUFFICIENT_FUNDS
txn_001298_2f8fde,merchant_019,2259.8,2026-08-21T04:04:35,card,card_expired,0,0.28,0.0741,0.0513,0.0703,0,1,1,CARD_DECLINE
txn_001042_3def28,merchant_017,256.66,2026-08-21T04:07:39,upi,session_expired,0,2.24,0.1534,0.0371,0.1094,3,0,0,USER_ABANDONMENT
txn_000100_28a61d,merchant_039,256.93,2026-08-21T04:18:17,wallet,user_cancelled,0,1.8,0.1353,0.106,0.0,6,0,0,USER_ABANDONMENT
txn_001366_dff1e4,merchant_033,610.26,2026-08-21T04:22:04,wallet,otp_timeout,1,0.72,0.1227,0.1174,0.0908,5,2,0,OTP_TIMEOUT
txn_000070_cab423,merchant_013,2921.96,2026-08-21T05:09:44,netbanking,session_expired,0,2.77,0.1145,0.0705,0.0791,8,1,0,USER_ABANDONMENT
txn_000039_67d08e,merchant_027,675.02,2026-08-21T05:25:28,netbanking,insufficient_funds,1,3.11,0.1106,0.0338,0.0493,2,4,0,INSUFFICIENT_FUNDS
txn_000732_8ec068,merchant_003,5795.3,2026-08-21T05:48:50,wallet,insufficient_funds,0,5.87,0.0,0.0996,0.0565,3,0,0,INSUFFICIENT_FUNDS
txn_001076_43a926,merchant_011,1714.3,2026-08-21T06:12:12,wallet,service_unavailable,1,6.11,0.5966,0.7685,0.2269,4,1,0,INFRASTRUCTURE
txn_001284_756740,merchant_002,251.42,2026-08-21T06:36:46,card,insufficient_funds,0,0.32,0.1024,0.0089,0.0107,2,2,0,INSUFFICIENT_FUNDS
txn_000472_d44d8b,merchant_016,632.31,2026-08-21T07:01:44,netbanking,invalid_card,0,0.3,0.0304,0.0816,0.0798,0,1,0,CARD_DECLINE
txn_000885_5e75b7,merchant_025,2885.13,2026-08-21T07:39:39,netbanking,invalid_card,1,1.88,0.0505,0.0,0.0,1,2,1,CARD_DECLINE
txn_000465_14e8b5,merchant_007,30605.5,2026-08-21T07:43:55,card,service_unavailable,0,3.79,0.4945,0.4777,0.3414,7,1,0,INFRASTRUCTURE
txn_001177_79f68e,merchant_004,2828.88,2026-08-21T08:06:23,netbanking,invalid_card,2,0.59,0.0907,0.0474,0.0755,3,1,0,CARD_DECLINE
txn_000330_e43bdf,merchant_001,1462.03,2026-08-21T08:35:13,card,invalid_card,2,1.41,0.1764,0.0304,0.0056,1,5,0,CARD_DECLINE
txn_000578_93c4ed,merchant_031,2427.8,2026-08-21T08:44:50,upi,otp_timeout,0,1.16,0.0,0.025,0.0928,3,1,0,OTP_TIMEOUT
txn_000897_c79298,merchant_037,2266.69,2026-08-21T09:00:04,upi,internal_error,0,7.08,0.5666,0.1887,0.4608,2,1,0,INFRASTRUCTURE
txn_001228_c10592,merchant_035,6520.01,2026-08-21T09:46:16,card,session_expired,0,2.12,0.0254,0.0672,0.0552,3,0,0,USER_ABANDONMENT
txn_001207_128a17,merchant_026,2057.51,2026-08-21T10:11:48,card,invalid_card,1,8.52,0.0298,0.0925,0.0509,2,1,0,CARD_DECLINE
txn_001370_f13f58,merchant_015,1384.09,2026-08-21T10:18:43,card,gateway_timeout,0,2.08,0.496,0.3189,0.2878,5,0,0,INFRASTRUCTURE
txn_000707_09a9fb,merchant_035,530.33,2026-08-21T10:27:25,netbanking,service_unavailable,1,5.11,0.4884,0.6574,0.1983,6,1,0,INFRASTRUCTURE
txn_000603_fab624,merchant_035,6961.73,2026-08-21T10:27:55,netbanking,gateway_timeout,1,5.56,0.4435,0.2149,0.6235,3,0,0,INFRASTRUCTURE
txn_001396_9d32aa,merchant_024,2077.78,2026-08-21T10:41:06,netbanking,3ds_auth_failed,0,0.57,0.1412,0.1555,0.0616,7,0,0,OTP_TIMEOUT
txn_001341_6a08bd,merchant_013,2278.88,2026-08-21T11:30:12,card,issuer_declined,2,1.83,0.0949,0.0935,0.0779,4,2,0,CARD_DECLINE
txn_001307_7e8554,merchant_007,1749.26,2026-08-21T11:46:19,upi,insufficient_funds,0,2.23,0.1382,0.0264,0.029,3,2,0,INSUFFICIENT_FUNDS
txn_000063_84ef39,merchant_023,5151.53,2026-08-21T12:14:19,wallet,insufficient_funds,1,0.46,0.0807,0.0799,0.0061,2,4,0,INSUFFICIENT_FUNDS
txn_000986_b2592f,merchant_030,2117.38,2026-08-21T12:16:03,card,insufficient_funds,1,0.18,0.0106,0.0799,0.0,2,2,0,INSUFFICIENT_FUNDS
txn_001156_434417,merchant_040,925.11,2026-08-21T12:18:40,wallet,card_expired,1,4.91,0.1183,0.112,0.0411,2,0,0,CARD_DECLINE
txn_000917_ade1d7,merchant_029,22540.35,2026-08-21T12:30:47,upi,gateway_timeout,0,6.16,0.5693,0.447,0.4855,4,2,0,INFRASTRUCTURE
txn_000833_044bc6,merchant_029,15464.83,2026-08-21T12:39:04,wallet,3ds_auth_failed,1,0.69,0.0472,0.036,0.0122,6,2,0,OTP_TIMEOUT
txn_000582_067dd2,merchant_014,2371.9,2026-08-21T12:40:21,wallet,3ds_auth_failed,0,0.65,0.1106,0.0836,0.0357,5,1,0,OTP_TIMEOUT
txn_001466_8e67b7,merchant_008,4176.82,2026-08-21T12:46:19,wallet,invalid_card,1,0.13,0.0,0.0708,0.0849,5,1,0,CARD_DECLINE
txn_000972_b16457,merchant_038,1097.22,2026-08-21T13:42:26,wallet,issuer_declined,0,3.1,0.0166,0.0,0.0304,2,3,0,CARD_DECLINE
txn_001023_876060,merchant_030,3110.29,2026-08-21T13:56:35,wallet,otp_timeout,1,3.83,0.1945,0.0412,0.0809,7,0,0,OTP_TIMEOUT
txn_001268_585566,merchant_005,5912.34,2026-08-21T14:18:54,netbanking,gateway_timeout,0,2.08,0.736,0.4887,0.4434,6,0,0,INFRASTRUCTURE
txn_001199_9b577e,merchant_005,682.76,2026-08-21T14:21:28,wallet,3ds_auth_failed,0,2.64,0.1236,0.0798,0.1071,1,0,0,OTP_TIMEOUT
txn_000254_b7bdf6,merchant_001,326.9,2026-08-21T14:33:22,upi,session_expired,0,3.93,0.0479,0.0716,0.0524,5,0,0,USER_ABANDONMENT
txn_000301_a515b9,merchant_020,2543.06,2026-08-21T15:20:28,wallet,card_expired,1,0.01,0.1231,0.013,0.0748,5,3,0,CARD_DECLINE
txn_000515_dac7a6,merchant_014,2479.82,2026-08-21T15:27:05,card,otp_timeout,0,2.14,0.1355,0.0292,0.0532,9,1,0,OTP_TIMEOUT
txn_000275_99d643,merchant_009,1819.31,2026-08-21T15:50:43,netbanking,session_expired,0,1.79,0.0175,0.0274,0.1014,6,0,0,USER_ABANDONMENT
txn_000035_752927,merchant_002,474.5,2026-08-21T16:13:38,wallet,3ds_auth_failed,0,7.86,0.0645,0.0,0.0292,7,0,0,OTP_TIMEOUT
txn_001164_fa5c8c,merchant_020,646.98,2026-08-21T16:25:49,card,gateway_timeout,1,18.34,0.0277,0.0632,0.2137,4,1,0,WEBHOOK_AMBIGUITY
txn_001299_3ed72d,merchant_019,1433.99,2026-08-21T16:35:00,upi,user_cancelled,0,1.57,0.016,0.0274,0.0816,2,0,0,USER_ABANDONMENT
txn_000526_f27ba5,merchant_026,2069.56,2026-08-21T16:58:09,netbanking,insufficient_funds,0,0.54,0.0678,0.0,0.028,2,1,0,INSUFFICIENT_FUNDS
txn_000910_905af9,merchant_016,821.5,2026-08-21T17:17:18,netbanking,otp_timeout,0,0.3,0.0725,0.1035,0.0646,7,0,0,OTP_TIMEOUT
txn_000291_eb4792,merchant_021,2458.94,2026-08-21T17:20:31,upi,invalid_card,1,0.54,0.0336,0.0459,0.1093,1,5,0,CARD_DECLINE
txn_001196_b936a1,merchant_033,3277.42,2026-08-21T17:24:12,card,session_expired,0,3.12,0.1032,0.0,0.0632,8,0,0,USER_ABANDONMENT
txn_000272_0578b5,merchant_002,5194.69,2026-08-21T17:33:28,upi,issuer_declined,1,1.05,0.0516,0.0326,0.016,4,2,0,CARD_DECLINE
txn_001348_4335af,merchant_015,4596.94,2026-08-21T17:38:26,card,insufficient_funds,1,4.8,0.0519,0.0547,0.0953,1,1,0,INSUFFICIENT_FUNDS
txn_001058_c81fa2,merchant_028,1820.67,2026-08-21T17:43:41,card,otp_timeout,1,2.27,0.1055,0.0,0.0662,9,1,0,OTP_TIMEOUT
txn_000973_aabc03,merchant_022,1381.45,2026-08-21T17:44:47,card,insufficient_funds,1,0.54,0.0,0.0205,0.0,1,2,0,INSUFFICIENT_FUNDS
txn_000877_516df6,merchant_006,2626.71,2026-08-21T17:57:52,netbanking,session_expired,0,0.08,0.0131,0.0691,0.0196,6,0,0,USER_ABANDONMENT
txn_001409_8c9e4d,merchant_016,2224.62,2026-08-21T18:50:40,card,gateway_timeout,1,6.16,0.4133,0.3522,0.2291,1,1,0,INFRASTRUCTURE
txn_000590_a31aef,merchant_033,1731.58,2026-08-21T18:55:35,card,3ds_auth_failed,1,4.15,0.1717,0.0955,0.0722,7,1,0,OTP_TIMEOUT
txn_001179_14f1c9,merchant_034,804.63,2026-08-21T19:01:19,card,internal_error,0,5.67,0.3092,0.5875,0.5715,3,0,0,INFRASTRUCTURE
txn_000841_396145,merchant_023,802.27,2026-08-21T19:07:44,netbanking,internal_error,1,8.16,0.4985,0.5487,0.3943,5,1,0,INFRASTRUCTURE
txn_001094_dfddd1,merchant_029,35527.75,2026-08-21T20:20:35,upi,gateway_timeout,0,22.86,0.3646,0.1736,0.0,3,1,0,WEBHOOK_AMBIGUITY
txn_000314_f4c7f8,merchant_034,4385.48,2026-08-21T20:24:36,upi,card_expired,2,2.42,0.0478,0.0583,0.0038,3,3,0,CARD_DECLINE
txn_000710_252c07,merchant_008,1576.82,2026-08-21T20:29:11,wallet,insufficient_funds,1,4.48,0.0164,0.0748,0.0264,1,1,0,INSUFFICIENT_FUNDS
txn_000815_24dc85,merchant_019,3222.47,2026-08-21T20:42:52,card,issuer_declined,0,0.75,0.0505,0.0395,0.064,1,2,0,CARD_DECLINE
txn_001318_acaa02,merchant_001,6845.83,2026-08-21T20:48:12,card,insufficient_funds,0,0.22,0.0839,0.0994,0.0627,3,2,0,INSUFFICIENT_FUNDS
txn_000251_bd9252,merchant_037,929.64,2026-08-21T20:55:44,upi,issuer_declined,1,0.82,0.0585,0.0,0.0,0,2,0,CARD_DECLINE
txn_000243_c19540,merchant_012,6969.46,2026-08-21T21:13:55,upi,unknown,1,5.14,0.2563,0.3823,0.1125,5,0,0,WEBHOOK_AMBIGUITY
txn_000611_afedbb,merchant_003,380.2,2026-08-21T21:30:30,card,session_expired,0,0.76,0.0747,0.0397,0.07,8,0,0,USER_ABANDONMENT
txn_001492_0afd4d,merchant_002,829.64,2026-08-21T21:45:53,netbanking,service_unavailable,0,3.96,0.2291,0.2573,0.6577,6,0,0,INFRASTRUCTURE
txn_000304_516153,merchant_007,1609.0,2026-08-21T23:25:37,wallet,internal_error,1,8.63,0.4531,0.3706,0.6714,5,0,0,INFRASTRUCTURE
txn_001000_5cac59,merchant_004,11291.06,2026-08-21T23:58:23,upi,card_expired,1,3.88,0.1212,0.1067,0.1047,3,0,0,CARD_DECLINE
